"modid","translated","total","remaining","percent","sourceJar","zh_tw_path"
"ars_nouveau","1429","2356","927","60.7","C:\Users\sad79\AppData\Roaming\PrismLauncher\instances\FTB StoneBlock 4\minecraft\mods\ars_nouveau-1.21.1-5.11.1.jar","E:\stoneblock4-zh_tw\resourcepacks\sb4-zh_tw\assets\ars_nouveau\lang\zh_tw.json"
"apothic_compats","0","701","701","0","C:\Users\sad79\AppData\Roaming\PrismLauncher\instances\FTB StoneBlock 4\minecraft\mods\apothic_compats-0.2.0.3.jar","E:\stoneblock4-zh_tw\resourcepacks\sb4-zh_tw\assets\apothic_compats\lang\zh_tw.json"
"productivemetalworks","0","376","376","0","C:\Users\sad79\AppData\Roaming\PrismLauncher\instances\FTB StoneBlock 4\minecraft\mods\productivemetalworks-1.21.1-1.14.0.jar","E:\stoneblock4-zh_tw\resourcepacks\sb4-zh_tw\assets\productivemetalworks\lang\zh_tw.json"
"framedblocks","106","432","326","24.5","C:\Users\sad79\AppData\Roaming\PrismLauncher\instances\FTB StoneBlock 4\minecraft\mods\FramedBlocks-10.5.1.jar","E:\stoneblock4-zh_tw\resourcepacks\sb4-zh_tw\assets\framedblocks\lang\zh_tw.json"
"xycraft_world","0","324","324","0","C:\Users\sad79\AppData\Roaming\PrismLauncher\instances\FTB StoneBlock 4\minecraft\mods\xycraft_world-0.7.53.jar","E:\stoneblock4-zh_tw\resourcepacks\sb4-zh_tw\assets\xycraft_world\lang\zh_tw.json"
"custommachinery","237","553","316","42.9","C:\Users\sad79\AppData\Roaming\PrismLauncher\instances\FTB StoneBlock 4\minecraft\mods\CustomMachinery-neoforge-1.21.1-0.10.54.jar","E:\stoneblock4-zh_tw\resourcepacks\sb4-zh_tw\assets\custommachinery\lang\zh_tw.json"
"simplyswords","1234","1535","301","80.4","C:\Users\sad79\AppData\Roaming\PrismLauncher\instances\FTB StoneBlock 4\minecraft\mods\simplyswords-neoforge-1.62.0-1.21.1.jar","E:\stoneblock4-zh_tw\resourcepacks\sb4-zh_tw\assets\simplyswords\lang\zh_tw.json"
"twilightforest","1764","2055","291","85.8","C:\Users\sad79\AppData\Roaming\PrismLauncher\instances\FTB StoneBlock 4\minecraft\mods\twilightforest-1.21.1-4.8.3287-universal.jar","E:\stoneblock4-zh_tw\resourcepacks\sb4-zh_tw\assets\twilightforest\lang\zh_tw.json"
"fzzy_config","0","284","284","0","C:\Users\sad79\AppData\Roaming\PrismLauncher\instances\FTB StoneBlock 4\minecraft\mods\fzzy_config-0.7.4+1.21+neoforge.jar","E:\stoneblock4-zh_tw\resourcepacks\sb4-zh_tw\assets\fzzy_config\lang\zh_tw.json"
"rarcompat","0","273","273","0","C:\Users\sad79\AppData\Roaming\PrismLauncher\instances\FTB StoneBlock 4\minecraft\mods\rarcompat-1.21-0.9.7.jar","E:\stoneblock4-zh_tw\resourcepacks\sb4-zh_tw\assets\rarcompat\lang\zh_tw.json"
"ars_elemental","297","555","258","53.5","C:\Users\sad79\AppData\Roaming\PrismLauncher\instances\FTB StoneBlock 4\minecraft\mods\ars_elemental-1.21.1-0.7.6.12.jar","E:\stoneblock4-zh_tw\resourcepacks\sb4-zh_tw\assets\ars_elemental\lang\zh_tw.json"
"fdbosses","0","256","256","0","C:\Users\sad79\AppData\Roaming\PrismLauncher\instances\FTB StoneBlock 4\minecraft\mods\fdbosses-3.0.1-1.21.1.jar","E:\stoneblock4-zh_tw\resourcepacks\sb4-zh_tw\assets\fdbosses\lang\zh_tw.json"
"xycraft_machines","0","225","225","0","C:\Users\sad79\AppData\Roaming\PrismLauncher\instances\FTB StoneBlock 4\minecraft\mods\xycraft_machines-0.7.53.jar","E:\stoneblock4-zh_tw\resourcepacks\sb4-zh_tw\assets\xycraft_machines\lang\zh_tw.json"
"crystalix","0","216","216","0","C:\Users\sad79\AppData\Roaming\PrismLauncher\instances\FTB StoneBlock 4\minecraft\mods\crystalix-2.4.0.jar","E:\stoneblock4-zh_tw\resourcepacks\sb4-zh_tw\assets\crystalix\lang\zh_tw.json"
"reliquified_twilight_forest","0","190","190","0","C:\Users\sad79\AppData\Roaming\PrismLauncher\instances\FTB StoneBlock 4\minecraft\mods\reliquified_twilight_forest-1.21.1-0.5.2.jar","E:\stoneblock4-zh_tw\resourcepacks\sb4-zh_tw\assets\reliquified_twilight_forest\lang\zh_tw.json"
"create","3446","3628","182","95","C:\Users\sad79\AppData\Roaming\PrismLauncher\instances\FTB StoneBlock 4\minecraft\mods\create-1.21.1-6.0.9.jar","E:\stoneblock4-zh_tw\resourcepacks\sb4-zh_tw\assets\create\lang\zh_tw.json"
"simplylight","29","192","163","15.1","C:\Users\sad79\AppData\Roaming\PrismLauncher\instances\FTB StoneBlock 4\minecraft\mods\simplylight-1.5.3+1.21.1-b4.jar","E:\stoneblock4-zh_tw\resourcepacks\sb4-zh_tw\assets\simplylight\lang\zh_tw.json"
"ars_affinity","0","162","162","0","C:\Users\sad79\AppData\Roaming\PrismLauncher\instances\FTB StoneBlock 4\minecraft\mods\ars_affinity-1.21.1-1.1.1.jar","E:\stoneblock4-zh_tw\resourcepacks\sb4-zh_tw\assets\ars_affinity\lang\zh_tw.json"
"starbunclemania","0","149","149","0","C:\Users\sad79\AppData\Roaming\PrismLauncher\instances\FTB StoneBlock 4\minecraft\mods\starbunclemania-1.21.1-1.5.3.jar","E:\stoneblock4-zh_tw\resourcepacks\sb4-zh_tw\assets\starbunclemania\lang\zh_tw.json"
"antiblocksrechiseled","0","147","147","0","C:\Users\sad79\AppData\Roaming\PrismLauncher\instances\FTB StoneBlock 4\minecraft\mods\antiblocksrechiseled-neo-0.10.8.jar","E:\stoneblock4-zh_tw\resourcepacks\sb4-zh_tw\assets\antiblocksrechiseled\lang\zh_tw.json"
"jei","175","305","130","57.4","C:\Users\sad79\AppData\Roaming\PrismLauncher\instances\FTB StoneBlock 4\minecraft\mods\jei-1.21.1-neoforge-19.27.0.340.jar","E:\stoneblock4-zh_tw\resourcepacks\sb4-zh_tw\assets\jei\lang\zh_tw.json"
"rgp_client","0","129","129","0","C:\Users\sad79\AppData\Roaming\PrismLauncher\instances\FTB StoneBlock 4\minecraft\mods\rgp-client-1.0.11+mc1.21.1.jar","E:\stoneblock4-zh_tw\resourcepacks\sb4-zh_tw\assets\rgp_client\lang\zh_tw.json"
"bookshelf","85","208","123","40.9","C:\Users\sad79\AppData\Roaming\PrismLauncher\instances\FTB StoneBlock 4\minecraft\mods\bookshelf-neoforge-1.21.1-21.1.80.jar","E:\stoneblock4-zh_tw\resourcepacks\sb4-zh_tw\assets\bookshelf\lang\zh_tw.json"
"reliquified_ars_nouveau","0","122","122","0","C:\Users\sad79\AppData\Roaming\PrismLauncher\instances\FTB StoneBlock 4\minecraft\mods\reliquified_ars_nouveau-1.21.1-0.6.1.jar","E:\stoneblock4-zh_tw\resourcepacks\sb4-zh_tw\assets\reliquified_ars_nouveau\lang\zh_tw.json"
"connectedglass","0","120","120","0","C:\Users\sad79\AppData\Roaming\PrismLauncher\instances\FTB StoneBlock 4\minecraft\mods\connectedglass-1.1.14-neoforge-mc1.21.jar","E:\stoneblock4-zh_tw\resourcepacks\sb4-zh_tw\assets\connectedglass\lang\zh_tw.json"
"enchdesc","67","182","115","36.8","C:\Users\sad79\AppData\Roaming\PrismLauncher\instances\FTB StoneBlock 4\minecraft\mods\enchdesc-neoforge-1.21.1-21.1.9.jar","E:\stoneblock4-zh_tw\resourcepacks\sb4-zh_tw\assets\enchdesc\lang\zh_tw.json"
"xycraft_core","0","106","106","0","C:\Users\sad79\AppData\Roaming\PrismLauncher\instances\FTB StoneBlock 4\minecraft\mods\xycraft_core-0.7.53-all.jar","E:\stoneblock4-zh_tw\resourcepacks\sb4-zh_tw\assets\xycraft_core\lang\zh_tw.json"
"modonomicon","111","214","103","51.9","C:\Users\sad79\AppData\Roaming\PrismLauncher\instances\FTB StoneBlock 4\minecraft\mods\modonomicon-1.21.1-neoforge-1.117.2.jar","E:\stoneblock4-zh_tw\resourcepacks\sb4-zh_tw\assets\modonomicon\lang\zh_tw.json"
"brandonscore","0","102","102","0","C:\Users\sad79\AppData\Roaming\PrismLauncher\instances\FTB StoneBlock 4\minecraft\mods\BrandonsCore-1.21.1-3.2.1.309.jar","E:\stoneblock4-zh_tw\resourcepacks\sb4-zh_tw\assets\brandonscore\lang\zh_tw.json"
"nbt_ac","0","102","102","0","C:\Users\sad79\AppData\Roaming\PrismLauncher\instances\FTB StoneBlock 4\minecraft\mods\NBTac-NEOFORGE-1.21.1-1.3.10.jar","E:\stoneblock4-zh_tw\resourcepacks\sb4-zh_tw\assets\nbt_ac\lang\zh_tw.json"
"modularrouters","270","371","101","72.8","C:\Users\sad79\AppData\Roaming\PrismLauncher\instances\FTB StoneBlock 4\minecraft\mods\modular-routers-13.2.3+mc1.21.1.jar","E:\stoneblock4-zh_tw\resourcepacks\sb4-zh_tw\assets\modularrouters\lang\zh_tw.json"
"industrialforegoing","583","678","95","86","C:\Users\sad79\AppData\Roaming\PrismLauncher\instances\FTB StoneBlock 4\minecraft\mods\industrialforegoing-1.21-3.6.37.jar","E:\stoneblock4-zh_tw\resourcepacks\sb4-zh_tw\assets\industrialforegoing\lang\zh_tw.json"
"mob_grinding_utils","53","146","93","36.3","C:\Users\sad79\AppData\Roaming\PrismLauncher\instances\FTB StoneBlock 4\minecraft\mods\mob_grinding_utils-1.1.10+mc1.21.1.jar","E:\stoneblock4-zh_tw\resourcepacks\sb4-zh_tw\assets\mob_grinding_utils\lang\zh_tw.json"
"rftoolsbuilder","0","92","92","0","C:\Users\sad79\AppData\Roaming\PrismLauncher\instances\FTB StoneBlock 4\minecraft\mods\rftoolsbuilder-1.21-7.0.4.jar","E:\stoneblock4-zh_tw\resourcepacks\sb4-zh_tw\assets\rftoolsbuilder\lang\zh_tw.json"
"leaderboards","0","87","87","0","C:\Users\sad79\AppData\Roaming\PrismLauncher\instances\FTB StoneBlock 4\minecraft\mods\leaderboards-1.21.1-NeoForge-1.0.0.jar","E:\stoneblock4-zh_tw\resourcepacks\sb4-zh_tw\assets\leaderboards\lang\zh_tw.json"
"mininggadgets","0","85","85","0","C:\Users\sad79\AppData\Roaming\PrismLauncher\instances\FTB StoneBlock 4\minecraft\mods\mininggadgets-1.18.6.jar","E:\stoneblock4-zh_tw\resourcepacks\sb4-zh_tw\assets\mininggadgets\lang\zh_tw.json"
"simpletomb","0","84","84","0","C:\Users\sad79\AppData\Roaming\PrismLauncher\instances\FTB StoneBlock 4\minecraft\mods\simpletomb-1.21.1-1.4.4.jar","E:\stoneblock4-zh_tw\resourcepacks\sb4-zh_tw\assets\simpletomb\lang\zh_tw.json"
"utilitarian","0","79","79","0","C:\Users\sad79\AppData\Roaming\PrismLauncher\instances\FTB StoneBlock 4\minecraft\mods\utilitarian-1.21.1-0.17.1.jar","E:\stoneblock4-zh_tw\resourcepacks\sb4-zh_tw\assets\utilitarian\lang\zh_tw.json"
"extremesoundmuffler","0","76","76","0","C:\Users\sad79\AppData\Roaming\PrismLauncher\instances\FTB StoneBlock 4\minecraft\mods\ExtremeSoundMuffler-3.52_NeoForge-1.21.jar","E:\stoneblock4-zh_tw\resourcepacks\sb4-zh_tw\assets\extremesoundmuffler\lang\zh_tw.json"
"hostilenetworks","102","177","75","57.6","C:\Users\sad79\AppData\Roaming\PrismLauncher\instances\FTB StoneBlock 4\minecraft\mods\HostileNeuralNetworks-1.21.1-6.3.0.jar","E:\stoneblock4-zh_tw\resourcepacks\sb4-zh_tw\assets\hostilenetworks\lang\zh_tw.json"
"ftbbackups3","0","69","69","0","C:\Users\sad79\AppData\Roaming\PrismLauncher\instances\FTB StoneBlock 4\minecraft\mods\ftb-backups-3-21.1.3.jar","E:\stoneblock4-zh_tw\resourcepacks\sb4-zh_tw\assets\ftbbackups3\lang\zh_tw.json"
"embeddium","6","74","68","8.1","C:\Users\sad79\AppData\Roaming\PrismLauncher\instances\FTB StoneBlock 4\minecraft\mods\embeddium-1.0.15+mc1.21.1.jar","E:\stoneblock4-zh_tw\resourcepacks\sb4-zh_tw\assets\embeddium\lang\zh_tw.json"
"structurify","0","67","67","0","C:\Users\sad79\AppData\Roaming\PrismLauncher\instances\FTB StoneBlock 4\minecraft\mods\structurify-neoforge-1.0.21+mc1.21.1.jar","E:\stoneblock4-zh_tw\resourcepacks\sb4-zh_tw\assets\structurify\lang\zh_tw.json"
"ftbfiltersystem","0","65","65","0","C:\Users\sad79\AppData\Roaming\PrismLauncher\instances\FTB StoneBlock 4\minecraft\mods\ftb-filter-system-neoforge-21.1.3.jar","E:\stoneblock4-zh_tw\resourcepacks\sb4-zh_tw\assets\ftbfiltersystem\lang\zh_tw.json"
"rftoolspower","0","65","65","0","C:\Users\sad79\AppData\Roaming\PrismLauncher\instances\FTB StoneBlock 4\minecraft\mods\rftoolspower-1.21-7.0.5.jar","E:\stoneblock4-zh_tw\resourcepacks\sb4-zh_tw\assets\rftoolspower\lang\zh_tw.json"
"petrock","0","64","64","0","C:\Users\sad79\AppData\Roaming\PrismLauncher\instances\FTB StoneBlock 4\minecraft\mods\petrock-neo-0.18.7.jar","E:\stoneblock4-zh_tw\resourcepacks\sb4-zh_tw\assets\petrock\lang\zh_tw.json"
"kiwi","12","74","62","16.2","C:\Users\sad79\AppData\Roaming\PrismLauncher\instances\FTB StoneBlock 4\minecraft\mods\Kiwi-1.21.1-NeoForge-15.8.2.jar","E:\stoneblock4-zh_tw\resourcepacks\sb4-zh_tw\assets\kiwi\lang\zh_tw.json"
"pipe_connector","0","61","61","0","C:\Users\sad79\AppData\Roaming\PrismLauncher\instances\FTB StoneBlock 4\minecraft\mods\pipe_connector-neoforge-0.5.20.jar","E:\stoneblock4-zh_tw\resourcepacks\sb4-zh_tw\assets\pipe_connector\lang\zh_tw.json"
"ftblibrary","53","112","59","47.3","C:\Users\sad79\AppData\Roaming\PrismLauncher\instances\FTB StoneBlock 4\minecraft\mods\ftb-library-neoforge-2101.1.30.jar","E:\stoneblock4-zh_tw\resourcepacks\sb4-zh_tw\assets\ftblibrary\lang\zh_tw.json"
"compactmachines","0","58","58","0","C:\Users\sad79\AppData\Roaming\PrismLauncher\instances\FTB StoneBlock 4\minecraft\mods\compactmachines-neoforge-7.0.78.jar","E:\stoneblock4-zh_tw\resourcepacks\sb4-zh_tw\assets\compactmachines\lang\zh_tw.json"
"statuseffectbars","0","58","58","0","C:\Users\sad79\AppData\Roaming\PrismLauncher\instances\FTB StoneBlock 4\minecraft\mods\statuseffectbars-1.21.1-NeoForge-1.0.2.jar","E:\stoneblock4-zh_tw\resourcepacks\sb4-zh_tw\assets\statuseffectbars\lang\zh_tw.json"
"bhmenu","0","57","57","0","C:\Users\sad79\AppData\Roaming\PrismLauncher\instances\FTB StoneBlock 4\minecraft\mods\BHMenu-NeoForge-1.21-2.4.4.jar","E:\stoneblock4-zh_tw\resourcepacks\sb4-zh_tw\assets\bhmenu\lang\zh_tw.json"
"carbonconfig","0","56","56","0","C:\Users\sad79\AppData\Roaming\PrismLauncher\instances\FTB StoneBlock 4\minecraft\mods\CarbonConfig-Neoforge-1.21-1.2.9.6.1.jar","E:\stoneblock4-zh_tw\resourcepacks\sb4-zh_tw\assets\carbonconfig\lang\zh_tw.json"
"createenchantablemachinery","0","56","56","0","C:\Users\sad79\AppData\Roaming\PrismLauncher\instances\FTB StoneBlock 4\minecraft\mods\createenchantablemachinery-3.4.3+mc1.21.1-neoforge.jar","E:\stoneblock4-zh_tw\resourcepacks\sb4-zh_tw\assets\createenchantablemachinery\lang\zh_tw.json"
"gag","0","55","55","0","C:\Users\sad79\AppData\Roaming\PrismLauncher\instances\FTB StoneBlock 4\minecraft\mods\gag-neoforge-1.21.1-5.2.0.jar","E:\stoneblock4-zh_tw\resourcepacks\sb4-zh_tw\assets\gag\lang\zh_tw.json"
"rftoolsbase","0","55","55","0","C:\Users\sad79\AppData\Roaming\PrismLauncher\instances\FTB StoneBlock 4\minecraft\mods\rftoolsbase-1.21-6.0.10.jar","E:\stoneblock4-zh_tw\resourcepacks\sb4-zh_tw\assets\rftoolsbase\lang\zh_tw.json"
"titanium","0","53","53","0","C:\Users\sad79\AppData\Roaming\PrismLauncher\instances\FTB StoneBlock 4\minecraft\mods\titanium-1.21-4.0.40.jar","E:\stoneblock4-zh_tw\resourcepacks\sb4-zh_tw\assets\titanium\lang\zh_tw.json"
"ftbechoes","5","56","51","8.9","C:\Users\sad79\AppData\Roaming\PrismLauncher\instances\FTB StoneBlock 4\minecraft\mods\ftb-echoes-21.1.6.jar","E:\stoneblock4-zh_tw\resourcepacks\sb4-zh_tw\assets\ftbechoes\lang\zh_tw.json"
"bhc","0","49","49","0","C:\Users\sad79\AppData\Roaming\PrismLauncher\instances\FTB StoneBlock 4\minecraft\mods\baubley-heart-canisters-1.21.1-1.3.1.jar","E:\stoneblock4-zh_tw\resourcepacks\sb4-zh_tw\assets\bhc\lang\zh_tw.json"
"actuallyadditions","978","1025","47","95.4","C:\Users\sad79\AppData\Roaming\PrismLauncher\instances\FTB StoneBlock 4\minecraft\mods\actuallyadditions-1.3.24+mc1.21.1.jar","E:\stoneblock4-zh_tw\resourcepacks\sb4-zh_tw\assets\actuallyadditions\lang\zh_tw.json"
"balm","0","47","47","0","C:\Users\sad79\AppData\Roaming\PrismLauncher\instances\FTB StoneBlock 4\minecraft\mods\balm-neoforge-1.21.1-21.0.56.jar","E:\stoneblock4-zh_tw\resourcepacks\sb4-zh_tw\assets\balm\lang\zh_tw.json"
"extrastorage","0","46","46","0","C:\Users\sad79\AppData\Roaming\PrismLauncher\instances\FTB StoneBlock 4\minecraft\mods\ExtraStorage-1.21.1-5.0.8.jar","E:\stoneblock4-zh_tw\resourcepacks\sb4-zh_tw\assets\extrastorage\lang\zh_tw.json"
"ars_hex","0","45","45","0","C:\Users\sad79\AppData\Roaming\PrismLauncher\instances\FTB StoneBlock 4\minecraft\mods\ars_hex-1.21.1-5.0.4b.jar","E:\stoneblock4-zh_tw\resourcepacks\sb4-zh_tw\assets\ars_hex\lang\zh_tw.json"
"ftbultimine","40","83","43","48.2","C:\Users\sad79\AppData\Roaming\PrismLauncher\instances\FTB StoneBlock 4\minecraft\mods\ftb-ultimine-neoforge-2101.1.12.jar","E:\stoneblock4-zh_tw\resourcepacks\sb4-zh_tw\assets\ftbultimine\lang\zh_tw.json"
"irons_jewelry","220","262","42","84","C:\Users\sad79\AppData\Roaming\PrismLauncher\instances\FTB StoneBlock 4\minecraft\mods\irons_jewelry-1.21.1-1.6.0.jar","E:\stoneblock4-zh_tw\resourcepacks\sb4-zh_tw\assets\irons_jewelry\lang\zh_tw.json"
"ftbunearthed","0","40","40","0","C:\Users\sad79\AppData\Roaming\PrismLauncher\instances\FTB StoneBlock 4\minecraft\mods\ftb-unearthed-21.1.9.jar","E:\stoneblock4-zh_tw\resourcepacks\sb4-zh_tw\assets\ftbunearthed\lang\zh_tw.json"
"moreoverlays","0","40","40","0","C:\Users\sad79\AppData\Roaming\PrismLauncher\instances\FTB StoneBlock 4\minecraft\mods\moreoverlays-1.24.2-mc1.21.1-neoforge.jar","E:\stoneblock4-zh_tw\resourcepacks\sb4-zh_tw\assets\moreoverlays\lang\zh_tw.json"
"reliquified_lenders_cataclysm","0","39","39","0","C:\Users\sad79\AppData\Roaming\PrismLauncher\instances\FTB StoneBlock 4\minecraft\mods\reliquified_lenders_cataclysm-1.21.1-0.1.1.jar","E:\stoneblock4-zh_tw\resourcepacks\sb4-zh_tw\assets\reliquified_lenders_cataclysm\lang\zh_tw.json"
"irons_apothic","251","289","38","86.9","C:\Users\sad79\AppData\Roaming\PrismLauncher\instances\FTB StoneBlock 4\minecraft\mods\irons_apothic-2.0.0.jar","E:\stoneblock4-zh_tw\resourcepacks\sb4-zh_tw\assets\irons_apothic\lang\zh_tw.json"
"guideme","0","36","36","0","C:\Users\sad79\AppData\Roaming\PrismLauncher\instances\FTB StoneBlock 4\minecraft\mods\guideme-21.1.15.jar","E:\stoneblock4-zh_tw\resourcepacks\sb4-zh_tw\assets\guideme\lang\zh_tw.json"
"inventoryessentials","0","36","36","0","C:\Users\sad79\AppData\Roaming\PrismLauncher\instances\FTB StoneBlock 4\minecraft\mods\inventoryessentials-neoforge-1.21.1-21.1.12.jar","E:\stoneblock4-zh_tw\resourcepacks\sb4-zh_tw\assets\inventoryessentials\lang\zh_tw.json"
"stonechest","0","36","36","0","C:\Users\sad79\AppData\Roaming\PrismLauncher\instances\FTB StoneBlock 4\minecraft\mods\stonechest-1.21.1-1.0.0.jar","E:\stoneblock4-zh_tw\resourcepacks\sb4-zh_tw\assets\stonechest\lang\zh_tw.json"
"moonlight","11","46","35","23.9","C:\Users\sad79\AppData\Roaming\PrismLauncher\instances\FTB StoneBlock 4\minecraft\mods\moonlight-1.21-2.29.4-neoforge.jar","E:\stoneblock4-zh_tw\resourcepacks\sb4-zh_tw\assets\moonlight\lang\zh_tw.json"
"farmersdelight","289","323","34","89.5","C:\Users\sad79\AppData\Roaming\PrismLauncher\instances\FTB StoneBlock 4\minecraft\mods\FarmersDelight-1.21.1-1.2.9.jar","E:\stoneblock4-zh_tw\resourcepacks\sb4-zh_tw\assets\farmersdelight\lang\zh_tw.json"
"simpleteleporters","6","40","34","15","C:\Users\sad79\AppData\Roaming\PrismLauncher\instances\FTB StoneBlock 4\minecraft\mods\SimpleTeleportersReforged-1.21.1-2.1.0.jar","E:\stoneblock4-zh_tw\resourcepacks\sb4-zh_tw\assets\simpleteleporters\lang\zh_tw.json"
"cataclysm","667","700","33","95.3","C:\Users\sad79\AppData\Roaming\PrismLauncher\instances\FTB StoneBlock 4\minecraft\mods\L_Ender's Cataclysm 1.21.1-3.16.jar","E:\stoneblock4-zh_tw\resourcepacks\sb4-zh_tw\assets\cataclysm\lang\zh_tw.json"
"ali","525","557","32","94.3","C:\Users\sad79\AppData\Roaming\PrismLauncher\instances\FTB StoneBlock 4\minecraft\mods\AdvancedLootInfo-neoforge-1.21.1-1.6.0.jar","E:\stoneblock4-zh_tw\resourcepacks\sb4-zh_tw\assets\ali\lang\zh_tw.json"
"clavis","0","31","31","0","C:\Users\sad79\AppData\Roaming\PrismLauncher\instances\FTB StoneBlock 4\minecraft\mods\Clavis-NEOFORGE-0.2.10+1.21.1.jar","E:\stoneblock4-zh_tw\resourcepacks\sb4-zh_tw\assets\clavis\lang\zh_tw.json"
"more_immersive_wires","0","31","31","0","C:\Users\sad79\AppData\Roaming\PrismLauncher\instances\FTB StoneBlock 4\minecraft\mods\more-immersive-wires-1.21.1-1.1.8.jar","E:\stoneblock4-zh_tw\resourcepacks\sb4-zh_tw\assets\more_immersive_wires\lang\zh_tw.json"
"morered","21","51","30","41.2","C:\Users\sad79\AppData\Roaming\PrismLauncher\instances\FTB StoneBlock 4\minecraft\mods\morered-1.21.1-6.0.0.3.jar","E:\stoneblock4-zh_tw\resourcepacks\sb4-zh_tw\assets\morered\lang\zh_tw.json"
"justzoom","0","29","29","0","C:\Users\sad79\AppData\Roaming\PrismLauncher\instances\FTB StoneBlock 4\minecraft\mods\justzoom_neoforge_2.1.0_MC_1.21.1.jar","E:\stoneblock4-zh_tw\resourcepacks\sb4-zh_tw\assets\justzoom\lang\zh_tw.json"
"schematicenergistics","0","29","29","0","C:\Users\sad79\AppData\Roaming\PrismLauncher\instances\FTB StoneBlock 4\minecraft\mods\schematicenergistics-1.21.1-1.3.1.jar","E:\stoneblock4-zh_tw\resourcepacks\sb4-zh_tw\assets\schematicenergistics\lang\zh_tw.json"
"beer","0","28","28","0","C:\Users\sad79\AppData\Roaming\PrismLauncher\instances\FTB StoneBlock 4\minecraft\mods\beer-1.21.1-1.4.1.jar","E:\stoneblock4-zh_tw\resourcepacks\sb4-zh_tw\assets\beer\lang\zh_tw.json"
"farmingforblockheads","19","47","28","40.4","C:\Users\sad79\AppData\Roaming\PrismLauncher\instances\FTB StoneBlock 4\minecraft\mods\farmingforblockheads-neoforge-1.21.1-21.1.10.jar","E:\stoneblock4-zh_tw\resourcepacks\sb4-zh_tw\assets\farmingforblockheads\lang\zh_tw.json"
"irons_spellbooks","1216","1244","28","97.7","C:\Users\sad79\AppData\Roaming\PrismLauncher\instances\FTB StoneBlock 4\minecraft\mods\irons_spellbooks-1.21.1-3.15.0.jar","E:\stoneblock4-zh_tw\resourcepacks\sb4-zh_tw\assets\irons_spellbooks\lang\zh_tw.json"
"pocketstorage","0","28","28","0","C:\Users\sad79\AppData\Roaming\PrismLauncher\instances\FTB StoneBlock 4\minecraft\mods\pocketstorage-1.2.5+1.21.1-b3.jar","E:\stoneblock4-zh_tw\resourcepacks\sb4-zh_tw\assets\pocketstorage\lang\zh_tw.json"
"resourcefulconfig","0","28","28","0","C:\Users\sad79\AppData\Roaming\PrismLauncher\instances\FTB StoneBlock 4\minecraft\mods\resourcefulconfig-neoforge-1.21-3.0.11.jar","E:\stoneblock4-zh_tw\resourcepacks\sb4-zh_tw\assets\resourcefulconfig\lang\zh_tw.json"
"villagerconfig","0","27","27","0","C:\Users\sad79\AppData\Roaming\PrismLauncher\instances\FTB StoneBlock 4\minecraft\mods\villagerconfig-neoforge-4.5.2+1.21.1.jar","E:\stoneblock4-zh_tw\resourcepacks\sb4-zh_tw\assets\villagerconfig\lang\zh_tw.json"
"lychee","96","122","26","78.7","C:\Users\sad79\AppData\Roaming\PrismLauncher\instances\FTB StoneBlock 4\minecraft\mods\Lychee-1.21.1-NeoForge-6.4.2.jar","E:\stoneblock4-zh_tw\resourcepacks\sb4-zh_tw\assets\lychee\lang\zh_tw.json"
"inventorysorter","0","25","25","0","C:\Users\sad79\AppData\Roaming\PrismLauncher\instances\FTB StoneBlock 4\minecraft\mods\inventorysorter-1.21.1-24.0.24.jar","E:\stoneblock4-zh_tw\resourcepacks\sb4-zh_tw\assets\inventorysorter\lang\zh_tw.json"
"malum","2717","2742","25","99.1","C:\Users\sad79\AppData\Roaming\PrismLauncher\instances\FTB StoneBlock 4\minecraft\mods\malum-1.21.1-1.8.2.jar","E:\stoneblock4-zh_tw\resourcepacks\sb4-zh_tw\assets\malum\lang\zh_tw.json"
"owo","0","25","25","0","C:\Users\sad79\AppData\Roaming\PrismLauncher\instances\FTB StoneBlock 4\minecraft\mods\owo-lib-neoforge-0.12.15.5-beta.1+1.21.jar","E:\stoneblock4-zh_tw\resourcepacks\sb4-zh_tw\assets\owo\lang\zh_tw.json"
"jade","386","410","24","94.1","C:\Users\sad79\AppData\Roaming\PrismLauncher\instances\FTB StoneBlock 4\minecraft\mods\Jade-1.21.1-NeoForge-15.10.3.jar","E:\stoneblock4-zh_tw\resourcepacks\sb4-zh_tw\assets\jade\lang\zh_tw.json"
"laserio","71","95","24","74.7","C:\Users\sad79\AppData\Roaming\PrismLauncher\instances\FTB StoneBlock 4\minecraft\mods\laserio-1.9.11.jar","E:\stoneblock4-zh_tw\resourcepacks\sb4-zh_tw\assets\laserio\lang\zh_tw.json"
"chicken_roost","560","583","23","96.1","C:\Users\sad79\AppData\Roaming\PrismLauncher\instances\FTB StoneBlock 4\minecraft\mods\roostultimate_1.21.1-curse-4.1.0.jar","E:\stoneblock4-zh_tw\resourcepacks\sb4-zh_tw\assets\chicken_roost\lang\zh_tw.json"
"jearchaeology","0","23","23","0","C:\Users\sad79\AppData\Roaming\PrismLauncher\instances\FTB StoneBlock 4\minecraft\mods\jearchaeology-1.21.1-1.1.6.jar","E:\stoneblock4-zh_tw\resourcepacks\sb4-zh_tw\assets\jearchaeology\lang\zh_tw.json"
"custommachineryars","0","22","22","0","C:\Users\sad79\AppData\Roaming\PrismLauncher\instances\FTB StoneBlock 4\minecraft\mods\custom_machinery_ars-1.2.2.jar","E:\stoneblock4-zh_tw\resourcepacks\sb4-zh_tw\assets\custommachineryars\lang\zh_tw.json"
"modernfix","133","155","22","85.8","C:\Users\sad79\AppData\Roaming\PrismLauncher\instances\FTB StoneBlock 4\minecraft\mods\modernfix-neoforge-5.25.1+mc1.21.1.jar","E:\stoneblock4-zh_tw\resourcepacks\sb4-zh_tw\assets\modernfix\lang\zh_tw.json"
"belts","0","21","21","0","C:\Users\sad79\AppData\Roaming\PrismLauncher\instances\FTB StoneBlock 4\minecraft\mods\belts-neoforge-0.2.2.jar","E:\stoneblock4-zh_tw\resourcepacks\sb4-zh_tw\assets\belts\lang\zh_tw.json"
"moofluids","0","21","21","0","C:\Users\sad79\AppData\Roaming\PrismLauncher\instances\FTB StoneBlock 4\minecraft\mods\moofluids-1.21.1-NeoForge-1.3.4.jar","E:\stoneblock4-zh_tw\resourcepacks\sb4-zh_tw\assets\moofluids\lang\zh_tw.json"
"torchmaster","12","32","20","37.5","C:\Users\sad79\AppData\Roaming\PrismLauncher\instances\FTB StoneBlock 4\minecraft\mods\torchmaster-neoforge-1.21.1-21.1.9.jar","E:\stoneblock4-zh_tw\resourcepacks\sb4-zh_tw\assets\torchmaster\lang\zh_tw.json"
"artifacts","422","441","19","95.7","C:\Users\sad79\AppData\Roaming\PrismLauncher\instances\FTB StoneBlock 4\minecraft\mods\artifacts-neoforge-13.1.0.jar","E:\stoneblock4-zh_tw\resourcepacks\sb4-zh_tw\assets\artifacts\lang\zh_tw.json"
"jags","0","19","19","0","C:\Users\sad79\AppData\Roaming\PrismLauncher\instances\FTB StoneBlock 4\minecraft\mods\jags-neo-21.1.5+mc1.21.1.jar","E:\stoneblock4-zh_tw\resourcepacks\sb4-zh_tw\assets\jags\lang\zh_tw.json"
"justdynathings","64","83","19","77.1","C:\Users\sad79\AppData\Roaming\PrismLauncher\instances\FTB StoneBlock 4\minecraft\mods\justdynathings-1.14.jar","E:\stoneblock4-zh_tw\resourcepacks\sb4-zh_tw\assets\justdynathings\lang\zh_tw.json"
"ars_creo","0","18","18","0","C:\Users\sad79\AppData\Roaming\PrismLauncher\instances\FTB StoneBlock 4\minecraft\mods\ars_creo-1.21.1-5.1.0.jar","E:\stoneblock4-zh_tw\resourcepacks\sb4-zh_tw\assets\ars_creo\lang\zh_tw.json"
"codechickenlib","0","18","18","0","C:\Users\sad79\AppData\Roaming\PrismLauncher\instances\FTB StoneBlock 4\minecraft\mods\CodeChickenLib-1.21.1-4.6.1.526.jar","E:\stoneblock4-zh_tw\resourcepacks\sb4-zh_tw\assets\codechickenlib\lang\zh_tw.json"
"immersiveengineering","1934","1952","18","99.1","C:\Users\sad79\AppData\Roaming\PrismLauncher\instances\FTB StoneBlock 4\minecraft\mods\ImmersiveEngineering-1.21.1-12.4.2-194.jar","E:\stoneblock4-zh_tw\resourcepacks\sb4-zh_tw\assets\immersiveengineering\lang\zh_tw.json"
"jumbofurnace","0","18","18","0","C:\Users\sad79\AppData\Roaming\PrismLauncher\instances\FTB StoneBlock 4\minecraft\mods\jumbofurnace-1.21.1-5.0.0.8.jar","E:\stoneblock4-zh_tw\resourcepacks\sb4-zh_tw\assets\jumbofurnace\lang\zh_tw.json"
"mecrh","0","17","17","0","C:\Users\sad79\AppData\Roaming\PrismLauncher\instances\FTB StoneBlock 4\minecraft\mods\mighty-ender-chicken-rehatched-21.1.5.jar","E:\stoneblock4-zh_tw\resourcepacks\sb4-zh_tw\assets\mecrh\lang\zh_tw.json"
"trashslot","7","24","17","29.2","C:\Users\sad79\AppData\Roaming\PrismLauncher\instances\FTB StoneBlock 4\minecraft\mods\trashslot-neoforge-1.21.1-21.1.4.jar","E:\stoneblock4-zh_tw\resourcepacks\sb4-zh_tw\assets\trashslot\lang\zh_tw.json"
"xnetgases","0","17","17","0","C:\Users\sad79\AppData\Roaming\PrismLauncher\instances\FTB StoneBlock 4\minecraft\mods\xnetgases-1.21.1-6.0.1.jar","E:\stoneblock4-zh_tw\resourcepacks\sb4-zh_tw\assets\xnetgases\lang\zh_tw.json"
"cable_facades","0","16","16","0","C:\Users\sad79\AppData\Roaming\PrismLauncher\instances\FTB StoneBlock 4\minecraft\mods\cable_facades-1.21.1-NeoForge-1.6.5.jar","E:\stoneblock4-zh_tw\resourcepacks\sb4-zh_tw\assets\cable_facades\lang\zh_tw.json"
"cookingforblockheads","243","258","15","94.2","C:\Users\sad79\AppData\Roaming\PrismLauncher\instances\FTB StoneBlock 4\minecraft\mods\cookingforblockheads-neoforge-1.21.1-21.1.17.jar","E:\stoneblock4-zh_tw\resourcepacks\sb4-zh_tw\assets\cookingforblockheads\lang\zh_tw.json"
"craftingtweaks","22","37","15","59.5","C:\Users\sad79\AppData\Roaming\PrismLauncher\instances\FTB StoneBlock 4\minecraft\mods\craftingtweaks-neoforge-1.21.1-21.1.6.jar","E:\stoneblock4-zh_tw\resourcepacks\sb4-zh_tw\assets\craftingtweaks\lang\zh_tw.json"
"ftbpc","0","15","15","0","C:\Users\sad79\AppData\Roaming\PrismLauncher\instances\FTB StoneBlock 4\minecraft\mods\ftb-pack-companion-21.1.15.jar","E:\stoneblock4-zh_tw\resourcepacks\sb4-zh_tw\assets\ftbpc\lang\zh_tw.json"
"ironchest","21","36","15","58.3","C:\Users\sad79\AppData\Roaming\PrismLauncher\instances\FTB StoneBlock 4\minecraft\mods\ironchest-1.21-neoforge-16.0.7.jar","E:\stoneblock4-zh_tw\resourcepacks\sb4-zh_tw\assets\ironchest\lang\zh_tw.json"
"measurements","0","15","15","0","C:\Users\sad79\AppData\Roaming\PrismLauncher\instances\FTB StoneBlock 4\minecraft\mods\Measurements-neoforge-1.21.1-3.0.3.jar","E:\stoneblock4-zh_tw\resourcepacks\sb4-zh_tw\assets\measurements\lang\zh_tw.json"
"routers","47","62","15","75.8","C:\Users\sad79\AppData\Roaming\PrismLauncher\instances\FTB StoneBlock 4\minecraft\mods\routers-1.21.1-1.1.6.jar","E:\stoneblock4-zh_tw\resourcepacks\sb4-zh_tw\assets\routers\lang\zh_tw.json"
"xp_synthesiser","0","15","15","0","C:\Users\sad79\AppData\Roaming\PrismLauncher\instances\FTB StoneBlock 4\minecraft\mods\xp_synthesiser-1.0.3.jar","E:\stoneblock4-zh_tw\resourcepacks\sb4-zh_tw\assets\xp_synthesiser\lang\zh_tw.json"
"ae2netanalyser","24","38","14","63.2","C:\Users\sad79\AppData\Roaming\PrismLauncher\instances\FTB StoneBlock 4\minecraft\mods\AE2NetworkAnalyzer-1.21-2.1.4-neoforge.jar","E:\stoneblock4-zh_tw\resourcepacks\sb4-zh_tw\assets\ae2netanalyser\lang\zh_tw.json"
"bambooeverything","8","22","14","36.4","C:\Users\sad79\AppData\Roaming\PrismLauncher\instances\FTB StoneBlock 4\minecraft\mods\bambooeverything-neoforge-21.1.2+mc1.21.1.jar","E:\stoneblock4-zh_tw\resourcepacks\sb4-zh_tw\assets\bambooeverything\lang\zh_tw.json"
"colorfulhearts","0","14","14","0","C:\Users\sad79\AppData\Roaming\PrismLauncher\instances\FTB StoneBlock 4\minecraft\mods\colorfulhearts-neoforge-1.21.1-10.5.9.jar","E:\stoneblock4-zh_tw\resourcepacks\sb4-zh_tw\assets\colorfulhearts\lang\zh_tw.json"
"psi","1107","1121","14","98.8","C:\Users\sad79\AppData\Roaming\PrismLauncher\instances\FTB StoneBlock 4\minecraft\mods\Psi-1.21.1-107.jar","E:\stoneblock4-zh_tw\resourcepacks\sb4-zh_tw\assets\psi\lang\zh_tw.json"
"mekanisticrouters","0","13","13","0","C:\Users\sad79\AppData\Roaming\PrismLauncher\instances\FTB StoneBlock 4\minecraft\mods\mekanisticrouters-1.1.1.jar","E:\stoneblock4-zh_tw\resourcepacks\sb4-zh_tw\assets\mekanisticrouters\lang\zh_tw.json"
"polylib","0","13","13","0","C:\Users\sad79\AppData\Roaming\PrismLauncher\instances\FTB StoneBlock 4\minecraft\mods\polylib-2100.1.0-build.183-neoforge.jar","E:\stoneblock4-zh_tw\resourcepacks\sb4-zh_tw\assets\polylib\lang\zh_tw.json"
"relics","248","261","13","95","C:\Users\sad79\AppData\Roaming\PrismLauncher\instances\FTB StoneBlock 4\minecraft\mods\relics-1.21.1-0.10.7.6.jar","E:\stoneblock4-zh_tw\resourcepacks\sb4-zh_tw\assets\relics\lang\zh_tw.json"
"authme","41","53","12","77.4","C:\Users\sad79\AppData\Roaming\PrismLauncher\instances\FTB StoneBlock 4\minecraft\mods\authme-neoforge-9.0.1+1.21.1.jar","E:\stoneblock4-zh_tw\resourcepacks\sb4-zh_tw\assets\authme\lang\zh_tw.json"
"extendedae","239","251","12","95.2","C:\Users\sad79\AppData\Roaming\PrismLauncher\instances\FTB StoneBlock 4\minecraft\mods\ExtendedAE-1.21-2.2.27-neoforge.jar","E:\stoneblock4-zh_tw\resourcepacks\sb4-zh_tw\assets\extendedae\lang\zh_tw.json"
"rep_ae2_bridge","0","12","12","0","C:\Users\sad79\AppData\Roaming\PrismLauncher\instances\FTB StoneBlock 4\minecraft\mods\rep_ae2_bridge-1.7.0.1.2-neoforge-1.21.1.jar","E:\stoneblock4-zh_tw\resourcepacks\sb4-zh_tw\assets\rep_ae2_bridge\lang\zh_tw.json"
"resourcepackoverrides","0","12","12","0","C:\Users\sad79\AppData\Roaming\PrismLauncher\instances\FTB StoneBlock 4\minecraft\mods\ResourcePackOverrides-v21.1.0-1.21.1-NeoForge.jar","E:\stoneblock4-zh_tw\resourcepacks\sb4-zh_tw\assets\resourcepackoverrides\lang\zh_tw.json"
"shrink","0","12","12","0","C:\Users\sad79\AppData\Roaming\PrismLauncher\instances\FTB StoneBlock 4\minecraft\mods\shrink-2.0.1.47-neoforge.jar","E:\stoneblock4-zh_tw\resourcepacks\sb4-zh_tw\assets\shrink\lang\zh_tw.json"
"tipsmod","70","82","12","85.4","C:\Users\sad79\AppData\Roaming\PrismLauncher\instances\FTB StoneBlock 4\minecraft\mods\tipsmod-neoforge-1.21.1-21.1.3.jar","E:\stoneblock4-zh_tw\resourcepacks\sb4-zh_tw\assets\tipsmod\lang\zh_tw.json"
"akashictome","0","11","11","0","C:\Users\sad79\AppData\Roaming\PrismLauncher\instances\FTB StoneBlock 4\minecraft\mods\AkashicTome-1.8-29.jar","E:\stoneblock4-zh_tw\resourcepacks\sb4-zh_tw\assets\akashictome\lang\zh_tw.json"
"elevatorid","18","29","11","62.1","C:\Users\sad79\AppData\Roaming\PrismLauncher\instances\FTB StoneBlock 4\minecraft\mods\elevatorid-neoforge-1.21.1-1.11.4.jar","E:\stoneblock4-zh_tw\resourcepacks\sb4-zh_tw\assets\elevatorid\lang\zh_tw.json"
"custommachinerycreate","0","10","10","0","C:\Users\sad79\AppData\Roaming\PrismLauncher\instances\FTB StoneBlock 4\minecraft\mods\CustomMachineryCreate-1.21.1-1.2.3.jar","E:\stoneblock4-zh_tw\resourcepacks\sb4-zh_tw\assets\custommachinerycreate\lang\zh_tw.json"
"mekagenjei","0","10","10","0","C:\Users\sad79\AppData\Roaming\PrismLauncher\instances\FTB StoneBlock 4\minecraft\mods\mekagenjei-1.2.jar","E:\stoneblock4-zh_tw\resourcepacks\sb4-zh_tw\assets\mekagenjei\lang\zh_tw.json"
"morphtool","2","12","10","16.7","C:\Users\sad79\AppData\Roaming\PrismLauncher\instances\FTB StoneBlock 4\minecraft\mods\Morph-o-Tool-1.8-39.jar","E:\stoneblock4-zh_tw\resourcepacks\sb4-zh_tw\assets\morphtool\lang\zh_tw.json"
"apothic_enchanting","406","415","9","97.8","C:\Users\sad79\AppData\Roaming\PrismLauncher\instances\FTB StoneBlock 4\minecraft\mods\ApothicEnchanting-1.21.1-1.5.0.jar","E:\stoneblock4-zh_tw\resourcepacks\sb4-zh_tw\assets\apothic_enchanting\lang\zh_tw.json"
"gateways","87","96","9","90.6","C:\Users\sad79\AppData\Roaming\PrismLauncher\instances\FTB StoneBlock 4\minecraft\mods\GatewaysToEternity-1.21.1-5.1.0.jar","E:\stoneblock4-zh_tw\resourcepacks\sb4-zh_tw\assets\gateways\lang\zh_tw.json"
"omnitools","14","23","9","60.9","C:\Users\sad79\AppData\Roaming\PrismLauncher\instances\FTB StoneBlock 4\minecraft\mods\omnitools-1.21.1-1.2.0.jar","E:\stoneblock4-zh_tw\resourcepacks\sb4-zh_tw\assets\omnitools\lang\zh_tw.json"
"bonsaitrees4","71","79","8","89.9","C:\Users\sad79\AppData\Roaming\PrismLauncher\instances\FTB StoneBlock 4\minecraft\mods\bonsaitrees4-4.0.9.jar","E:\stoneblock4-zh_tw\resourcepacks\sb4-zh_tw\assets\bonsaitrees4\lang\zh_tw.json"
"fusion","0","8","8","0","C:\Users\sad79\AppData\Roaming\PrismLauncher\instances\FTB StoneBlock 4\minecraft\mods\fusion-1.2.11e-neoforge-mc1.21.1.jar","E:\stoneblock4-zh_tw\resourcepacks\sb4-zh_tw\assets\fusion\lang\zh_tw.json"
"oracle_index","0","8","8","0","C:\Users\sad79\AppData\Roaming\PrismLauncher\instances\FTB StoneBlock 4\minecraft\mods\oracle_index-neoforge-0.5.0.jar","E:\stoneblock4-zh_tw\resourcepacks\sb4-zh_tw\assets\oracle_index\lang\zh_tw.json"
"rsrequestify","0","8","8","0","C:\Users\sad79\AppData\Roaming\PrismLauncher\instances\FTB StoneBlock 4\minecraft\mods\rsrequestify-1.21.1-3.0.0.jar","E:\stoneblock4-zh_tw\resourcepacks\sb4-zh_tw\assets\rsrequestify\lang\zh_tw.json"
"synesthesia","0","8","8","0","C:\Users\sad79\AppData\Roaming\PrismLauncher\instances\FTB StoneBlock 4\minecraft\mods\synesthesia-1.21.1-NeoForge-1.0.0.jar","E:\stoneblock4-zh_tw\resourcepacks\sb4-zh_tw\assets\synesthesia\lang\zh_tw.json"
"ctm","0","7","7","0","C:\Users\sad79\AppData\Roaming\PrismLauncher\instances\FTB StoneBlock 4\minecraft\mods\CTM-1.21-1.2.1+3.jar","E:\stoneblock4-zh_tw\resourcepacks\sb4-zh_tw\assets\ctm\lang\zh_tw.json"
"curios","41","48","7","85.4","C:\Users\sad79\AppData\Roaming\PrismLauncher\instances\FTB StoneBlock 4\minecraft\mods\curios-neoforge-9.5.1+1.21.1.jar","E:\stoneblock4-zh_tw\resourcepacks\sb4-zh_tw\assets\curios\lang\zh_tw.json"
"replication_matter_overflow","0","7","7","0","C:\Users\sad79\AppData\Roaming\PrismLauncher\instances\FTB StoneBlock 4\minecraft\mods\replication_matter_overflow-1.21.1-NeoForge-1.2.1.jar","E:\stoneblock4-zh_tw\resourcepacks\sb4-zh_tw\assets\replication_matter_overflow\lang\zh_tw.json"
"custommachinerymekanism","30","36","6","83.3","C:\Users\sad79\AppData\Roaming\PrismLauncher\instances\FTB StoneBlock 4\minecraft\mods\CustomMachineryMekanism-1.21.1-1.4.15.jar","E:\stoneblock4-zh_tw\resourcepacks\sb4-zh_tw\assets\custommachinerymekanism\lang\zh_tw.json"
"iris","67","73","6","91.8","C:\Users\sad79\AppData\Roaming\PrismLauncher\instances\FTB StoneBlock 4\minecraft\mods\iris-neoforge-1.8.12+mc1.21.1.jar","E:\stoneblock4-zh_tw\resourcepacks\sb4-zh_tw\assets\iris\lang\zh_tw.json"
"metalbarrels","39","45","6","86.7","C:\Users\sad79\AppData\Roaming\PrismLauncher\instances\FTB StoneBlock 4\minecraft\mods\metalbarrels-neoforge-1.21.1-7.jar","E:\stoneblock4-zh_tw\resourcepacks\sb4-zh_tw\assets\metalbarrels\lang\zh_tw.json"
"structures_tweaker","0","6","6","0","C:\Users\sad79\AppData\Roaming\PrismLauncher\instances\FTB StoneBlock 4\minecraft\mods\structures_tweaker-1.21.1-NeoForge-2.1.7.jar","E:\stoneblock4-zh_tw\resourcepacks\sb4-zh_tw\assets\structures_tweaker\lang\zh_tw.json"
"woodenshears","1","7","6","14.3","C:\Users\sad79\AppData\Roaming\PrismLauncher\instances\FTB StoneBlock 4\minecraft\mods\woodenshears-neoforge-1.21-3.2.2.0.jar","E:\stoneblock4-zh_tw\resourcepacks\sb4-zh_tw\assets\woodenshears\lang\zh_tw.json"
"chancecubes","35","40","5","87.5","C:\Users\sad79\AppData\Roaming\PrismLauncher\instances\FTB StoneBlock 4\minecraft\mods\ChanceCubes-1.21.1-5.0.2.517.jar","E:\stoneblock4-zh_tw\resourcepacks\sb4-zh_tw\assets\chancecubes\lang\zh_tw.json"
"craftingstation","0","5","5","0","C:\Users\sad79\AppData\Roaming\PrismLauncher\instances\FTB StoneBlock 4\minecraft\mods\craftingstation-jei-neoforge-1.21.1-1.6.5.jar","E:\stoneblock4-zh_tw\resourcepacks\sb4-zh_tw\assets\craftingstation\lang\zh_tw.json"
"entityculling","20","25","5","80","C:\Users\sad79\AppData\Roaming\PrismLauncher\instances\FTB StoneBlock 4\minecraft\mods\entityculling-neoforge-1.9.5-mc1.21.1.jar","E:\stoneblock4-zh_tw\resourcepacks\sb4-zh_tw\assets\entityculling\lang\zh_tw.json"
"industrialforegoingsouls","0","5","5","0","C:\Users\sad79\AppData\Roaming\PrismLauncher\instances\FTB StoneBlock 4\minecraft\mods\industrial-foregoing-souls-1.21.1-1.10.5.jar","E:\stoneblock4-zh_tw\resourcepacks\sb4-zh_tw\assets\industrialforegoingsouls\lang\zh_tw.json"
"justdirethings","483","488","5","99","C:\Users\sad79\AppData\Roaming\PrismLauncher\instances\FTB StoneBlock 4\minecraft\mods\justdirethings-1.5.5.jar","E:\stoneblock4-zh_tw\resourcepacks\sb4-zh_tw\assets\justdirethings\lang\zh_tw.json"
"modernworldcreation","0","5","5","0","C:\Users\sad79\AppData\Roaming\PrismLauncher\instances\FTB StoneBlock 4\minecraft\mods\modernworldcreation_neoforge_2.0.1_MC_1.21.1.jar","E:\stoneblock4-zh_tw\resourcepacks\sb4-zh_tw\assets\modernworldcreation\lang\zh_tw.json"
"replication_rs2_bridge","0","5","5","0","C:\Users\sad79\AppData\Roaming\PrismLauncher\instances\FTB StoneBlock 4\minecraft\mods\replication_rs2_bridge-1.21.1-NeoForge-1.2.2.jar","E:\stoneblock4-zh_tw\resourcepacks\sb4-zh_tw\assets\replication_rs2_bridge\lang\zh_tw.json"
"tooltipoverhaul","4","9","5","44.4","C:\Users\sad79\AppData\Roaming\PrismLauncher\instances\FTB StoneBlock 4\minecraft\mods\tooltipoverhaul-neoforge-1.21.1-1.4.0.jar","E:\stoneblock4-zh_tw\resourcepacks\sb4-zh_tw\assets\tooltipoverhaul\lang\zh_tw.json"
"ae2","1017","1021","4","99.6","C:\Users\sad79\AppData\Roaming\PrismLauncher\instances\FTB StoneBlock 4\minecraft\mods\appliedenergistics2-19.2.17.jar","E:\stoneblock4-zh_tw\resourcepacks\sb4-zh_tw\assets\ae2\lang\zh_tw.json"
"crashutilities","0","4","4","0","C:\Users\sad79\AppData\Roaming\PrismLauncher\instances\FTB StoneBlock 4\minecraft\mods\crashutilities-9.0.4.jar","E:\stoneblock4-zh_tw\resourcepacks\sb4-zh_tw\assets\crashutilities\lang\zh_tw.json"
"createaddition","256","260","4","98.5","C:\Users\sad79\AppData\Roaming\PrismLauncher\instances\FTB StoneBlock 4\minecraft\mods\createaddition-1.5.9.jar","E:\stoneblock4-zh_tw\resourcepacks\sb4-zh_tw\assets\createaddition\lang\zh_tw.json"
"enderdrives","38","42","4","90.5","C:\Users\sad79\AppData\Roaming\PrismLauncher\instances\FTB StoneBlock 4\minecraft\mods\enderdrives-neoforge-1.21.1-1.4.4.jar","E:\stoneblock4-zh_tw\resourcepacks\sb4-zh_tw\assets\enderdrives\lang\zh_tw.json"
"kubejstweaks","0","4","4","0","C:\Users\sad79\AppData\Roaming\PrismLauncher\instances\FTB StoneBlock 4\minecraft\mods\kubejstweaks-1.0.5.jar","E:\stoneblock4-zh_tw\resourcepacks\sb4-zh_tw\assets\kubejstweaks\lang\zh_tw.json"
"lionfishapi","0","4","4","0","C:\Users\sad79\AppData\Roaming\PrismLauncher\instances\FTB StoneBlock 4\minecraft\mods\lionfishapi-2.6.jar","E:\stoneblock4-zh_tw\resourcepacks\sb4-zh_tw\assets\lionfishapi\lang\zh_tw.json"
"merequester","23","27","4","85.2","C:\Users\sad79\AppData\Roaming\PrismLauncher\instances\FTB StoneBlock 4\minecraft\mods\merequester-neoforge-1.21.1-1.4.1.jar","E:\stoneblock4-zh_tw\resourcepacks\sb4-zh_tw\assets\merequester\lang\zh_tw.json"
"patchouli","88","92","4","95.7","C:\Users\sad79\AppData\Roaming\PrismLauncher\instances\FTB StoneBlock 4\minecraft\mods\Patchouli-1.21.1-92-NEOFORGE.jar","E:\stoneblock4-zh_tw\resourcepacks\sb4-zh_tw\assets\patchouli\lang\zh_tw.json"
"replication","74","78","4","94.9","C:\Users\sad79\AppData\Roaming\PrismLauncher\instances\FTB StoneBlock 4\minecraft\mods\Replication-1.21.1-1.2.6.jar","E:\stoneblock4-zh_tw\resourcepacks\sb4-zh_tw\assets\replication\lang\zh_tw.json"
"soulplied_energistics","0","4","4","0","C:\Users\sad79\AppData\Roaming\PrismLauncher\instances\FTB StoneBlock 4\minecraft\mods\soulplied_energistics-1.0.2.jar","E:\stoneblock4-zh_tw\resourcepacks\sb4-zh_tw\assets\soulplied_energistics\lang\zh_tw.json"
"squatgrow","0","4","4","0","C:\Users\sad79\AppData\Roaming\PrismLauncher\instances\FTB StoneBlock 4\minecraft\mods\squatgrow-neoforge-21.1.2+mc1.21.1.jar","E:\stoneblock4-zh_tw\resourcepacks\sb4-zh_tw\assets\squatgrow\lang\zh_tw.json"
"ae2addonlib","8","11","3","72.7","C:\Users\sad79\AppData\Roaming\PrismLauncher\instances\FTB StoneBlock 4\minecraft\mods\AE2AddonLib-1.0.3-1.21.1.jar","E:\stoneblock4-zh_tw\resourcepacks\sb4-zh_tw\assets\ae2addonlib\lang\zh_tw.json"
"baguettelib","0","3","3","0","C:\Users\sad79\AppData\Roaming\PrismLauncher\instances\FTB StoneBlock 4\minecraft\mods\baguettelib-1.21.1-NeoForge-1.1.5.jar","E:\stoneblock4-zh_tw\resourcepacks\sb4-zh_tw\assets\baguettelib\lang\zh_tw.json"
"busy_villagers","0","3","3","0","C:\Users\sad79\AppData\Roaming\PrismLauncher\instances\FTB StoneBlock 4\minecraft\mods\busy_villagers-neoforge-2101.1.1.jar","E:\stoneblock4-zh_tw\resourcepacks\sb4-zh_tw\assets\busy_villagers\lang\zh_tw.json"
"createenderstorage","0","3","3","0","C:\Users\sad79\AppData\Roaming\PrismLauncher\instances\FTB StoneBlock 4\minecraft\mods\createenderstorage-1.1.1.jar","E:\stoneblock4-zh_tw\resourcepacks\sb4-zh_tw\assets\createenderstorage\lang\zh_tw.json"
"databank","13","16","3","81.2","C:\Users\sad79\AppData\Roaming\PrismLauncher\instances\FTB StoneBlock 4\minecraft\mods\databank-1.3.0.jar","E:\stoneblock4-zh_tw\resourcepacks\sb4-zh_tw\assets\databank\lang\zh_tw.json"
"ftbpmapi","0","3","3","0","C:\Users\sad79\AppData\Roaming\PrismLauncher\instances\FTB StoneBlock 4\minecraft\mods\ftb-pause-menu-api-21.1.3.jar","E:\stoneblock4-zh_tw\resourcepacks\sb4-zh_tw\assets\ftbpmapi\lang\zh_tw.json"
"ftbteambases","37","40","3","92.5","C:\Users\sad79\AppData\Roaming\PrismLauncher\instances\FTB StoneBlock 4\minecraft\mods\ftb-team-bases-21.1.10.jar","E:\stoneblock4-zh_tw\resourcepacks\sb4-zh_tw\assets\ftbteambases\lang\zh_tw.json"
"jei_mekanism_multiblocks","59","62","3","95.2","C:\Users\sad79\AppData\Roaming\PrismLauncher\instances\FTB StoneBlock 4\minecraft\mods\JustEnoughMekanismMultiblocks-1.21.1-7.12.jar","E:\stoneblock4-zh_tw\resourcepacks\sb4-zh_tw\assets\jei_mekanism_multiblocks\lang\zh_tw.json"
"jumpoverfences","0","3","3","0","C:\Users\sad79\AppData\Roaming\PrismLauncher\instances\FTB StoneBlock 4\minecraft\mods\jumpoverfences-neoforge-1.21.1-1.6.1.jar","E:\stoneblock4-zh_tw\resourcepacks\sb4-zh_tw\assets\jumpoverfences\lang\zh_tw.json"
"magic_coins","15","18","3","83.3","C:\Users\sad79\AppData\Roaming\PrismLauncher\instances\FTB StoneBlock 4\minecraft\mods\magic_coins-1.0.9.jar","E:\stoneblock4-zh_tw\resourcepacks\sb4-zh_tw\assets\magic_coins\lang\zh_tw.json"
"magiccoinstweak","0","3","3","0","C:\Users\sad79\AppData\Roaming\PrismLauncher\instances\FTB StoneBlock 4\minecraft\mods\magiccoinstweak-1.0-SNAPSHOT.jar","E:\stoneblock4-zh_tw\resourcepacks\sb4-zh_tw\assets\magiccoinstweak\lang\zh_tw.json"
"mcjtylib","0","3","3","0","C:\Users\sad79\AppData\Roaming\PrismLauncher\instances\FTB StoneBlock 4\minecraft\mods\mcjtylib-1.21-9.0.20.jar","E:\stoneblock4-zh_tw\resourcepacks\sb4-zh_tw\assets\mcjtylib\lang\zh_tw.json"
"mekanism_unleashed","0","3","3","0","C:\Users\sad79\AppData\Roaming\PrismLauncher\instances\FTB StoneBlock 4\minecraft\mods\mekanism_unleashed-0.3.2.jar","E:\stoneblock4-zh_tw\resourcepacks\sb4-zh_tw\assets\mekanism_unleashed\lang\zh_tw.json"
"sdrp","0","3","3","0","C:\Users\sad79\AppData\Roaming\PrismLauncher\instances\FTB StoneBlock 4\minecraft\mods\SimpleDiscordRichPresence-neoforge-88.0.0-build.51+mc1.21.1.jar","E:\stoneblock4-zh_tw\resourcepacks\sb4-zh_tw\assets\sdrp\lang\zh_tw.json"
"sfm","256","259","3","98.8","C:\Users\sad79\AppData\Roaming\PrismLauncher\instances\FTB StoneBlock 4\minecraft\mods\Super Factory Manager (SFM)-MC1.21.1-4.28.0.jar","E:\stoneblock4-zh_tw\resourcepacks\sb4-zh_tw\assets\sfm\lang\zh_tw.json"
"underlay","0","3","3","0","C:\Users\sad79\AppData\Roaming\PrismLauncher\instances\FTB StoneBlock 4\minecraft\mods\underlay-0.9.9-neoforge-mc1.21.jar","E:\stoneblock4-zh_tw\resourcepacks\sb4-zh_tw\assets\underlay\lang\zh_tw.json"
"avaritia","134","136","2","98.5","C:\Users\sad79\AppData\Roaming\PrismLauncher\instances\FTB StoneBlock 4\minecraft\mods\AvaritiaNeo-1.21-1.2.8.jar","E:\stoneblock4-zh_tw\resourcepacks\sb4-zh_tw\assets\avaritia\lang\zh_tw.json"
"caelus","0","2","2","0","C:\Users\sad79\AppData\Roaming\PrismLauncher\instances\FTB StoneBlock 4\minecraft\mods\caelus-neoforge-7.0.1+1.21.1.jar","E:\stoneblock4-zh_tw\resourcepacks\sb4-zh_tw\assets\caelus\lang\zh_tw.json"
"cucumber","14","16","2","87.5","C:\Users\sad79\AppData\Roaming\PrismLauncher\instances\FTB StoneBlock 4\minecraft\mods\Cucumber-1.21.1-8.0.15.jar","E:\stoneblock4-zh_tw\resourcepacks\sb4-zh_tw\assets\cucumber\lang\zh_tw.json"
"fdlib","0","2","2","0","C:\Users\sad79\AppData\Roaming\PrismLauncher\instances\FTB StoneBlock 4\minecraft\mods\fdlib-1.0.6-1.21.1.jar","E:\stoneblock4-zh_tw\resourcepacks\sb4-zh_tw\assets\fdlib\lang\zh_tw.json"
"findme","2","4","2","50","C:\Users\sad79\AppData\Roaming\PrismLauncher\instances\FTB StoneBlock 4\minecraft\mods\findme-3.3.3-neoforge.jar","E:\stoneblock4-zh_tw\resourcepacks\sb4-zh_tw\assets\findme\lang\zh_tw.json"
"mekanism_lasers","29","31","2","93.5","C:\Users\sad79\AppData\Roaming\PrismLauncher\instances\FTB StoneBlock 4\minecraft\mods\MekanismLasers-1.12.1-1.1.10.2.jar","E:\stoneblock4-zh_tw\resourcepacks\sb4-zh_tw\assets\mekanism_lasers\lang\zh_tw.json"
"trophymanager","0","2","2","0","C:\Users\sad79\AppData\Roaming\PrismLauncher\instances\FTB StoneBlock 4\minecraft\mods\trophymanager-1.21.1-2.3.0.jar","E:\stoneblock4-zh_tw\resourcepacks\sb4-zh_tw\assets\trophymanager\lang\zh_tw.json"
"ae2things","11","12","1","91.7","C:\Users\sad79\AppData\Roaming\PrismLauncher\instances\FTB StoneBlock 4\minecraft\mods\AE2-Things-1.4.2-beta.jar","E:\stoneblock4-zh_tw\resourcepacks\sb4-zh_tw\assets\ae2things\lang\zh_tw.json"
"ae2wtlib","42","43","1","97.7","C:\Users\sad79\AppData\Roaming\PrismLauncher\instances\FTB StoneBlock 4\minecraft\mods\ae2wtlib-19.3.0.jar","E:\stoneblock4-zh_tw\resourcepacks\sb4-zh_tw\assets\ae2wtlib\lang\zh_tw.json"
"apotheosis","722","723","1","99.9","C:\Users\sad79\AppData\Roaming\PrismLauncher\instances\FTB StoneBlock 4\minecraft\mods\Apotheosis-1.21.1-8.4.1.jar","E:\stoneblock4-zh_tw\resourcepacks\sb4-zh_tw\assets\apotheosis\lang\zh_tw.json"
"appex","23","24","1","95.8","C:\Users\sad79\AppData\Roaming\PrismLauncher\instances\FTB StoneBlock 4\minecraft\mods\applied-experienced-1.21.1-1.3.1.jar","E:\stoneblock4-zh_tw\resourcepacks\sb4-zh_tw\assets\appex\lang\zh_tw.json"
"ars_ocultas","0","1","1","0","C:\Users\sad79\AppData\Roaming\PrismLauncher\instances\FTB StoneBlock 4\minecraft\mods\ars_ocultas-1.21.1-2.2.0.jar","E:\stoneblock4-zh_tw\resourcepacks\sb4-zh_tw\assets\ars_ocultas\lang\zh_tw.json"
"betteradvancements","0","1","1","0","C:\Users\sad79\AppData\Roaming\PrismLauncher\instances\FTB StoneBlock 4\minecraft\mods\BetterAdvancements-NeoForge-1.21.1-0.4.3.21.jar","E:\stoneblock4-zh_tw\resourcepacks\sb4-zh_tw\assets\betteradvancements\lang\zh_tw.json"
"cloth-config2","48","49","1","98","C:\Users\sad79\AppData\Roaming\PrismLauncher\instances\FTB StoneBlock 4\minecraft\mods\cloth-config-15.0.140-neoforge.jar","E:\stoneblock4-zh_tw\resourcepacks\sb4-zh_tw\assets\cloth-config2\lang\zh_tw.json"
"constructionstick","140","141","1","99.3","C:\Users\sad79\AppData\Roaming\PrismLauncher\instances\FTB StoneBlock 4\minecraft\mods\ConstructionSticks-1.21.1-1.2.3.jar","E:\stoneblock4-zh_tw\resourcepacks\sb4-zh_tw\assets\constructionstick\lang\zh_tw.json"
"create_shimmer","49","50","1","98","C:\Users\sad79\AppData\Roaming\PrismLauncher\instances\FTB StoneBlock 4\minecraft\mods\create-shimmer-1.2.7.jar","E:\stoneblock4-zh_tw\resourcepacks\sb4-zh_tw\assets\create_shimmer\lang\zh_tw.json"
"deepdarkdimdungeons","9","10","1","90","C:\Users\sad79\AppData\Roaming\PrismLauncher\instances\FTB StoneBlock 4\minecraft\mods\deepdarkdimdungeons-1.0.jar","E:\stoneblock4-zh_tw\resourcepacks\sb4-zh_tw\assets\deepdarkdimdungeons\lang\zh_tw.json"
"entityjs","0","1","1","0","C:\Users\sad79\AppData\Roaming\PrismLauncher\instances\FTB StoneBlock 4\minecraft\mods\entityjs-1.4.4-1.21.jar","E:\stoneblock4-zh_tw\resourcepacks\sb4-zh_tw\assets\entityjs\lang\zh_tw.json"
"fadingnightvision","0","1","1","0","C:\Users\sad79\AppData\Roaming\PrismLauncher\instances\FTB StoneBlock 4\minecraft\mods\fadingnightvision-1.3.0.jar","E:\stoneblock4-zh_tw\resourcepacks\sb4-zh_tw\assets\fadingnightvision\lang\zh_tw.json"
"fancymenu","2137","2138","1","100","C:\Users\sad79\AppData\Roaming\PrismLauncher\instances\FTB StoneBlock 4\minecraft\mods\fancymenu_neoforge_3.8.1_MC_1.21.1.jar","E:\stoneblock4-zh_tw\resourcepacks\sb4-zh_tw\assets\fancymenu\lang\zh_tw.json"
"refinedstorage_curios_integration","0","1","1","0","C:\Users\sad79\AppData\Roaming\PrismLauncher\instances\FTB StoneBlock 4\minecraft\mods\refinedstorage-curios-integration-1.0.0.jar","E:\stoneblock4-zh_tw\resourcepacks\sb4-zh_tw\assets\refinedstorage_curios_integration\lang\zh_tw.json"
"refinedtypes","151","152","1","99.3","C:\Users\sad79\AppData\Roaming\PrismLauncher\instances\FTB StoneBlock 4\minecraft\mods\refined-types-1.21.1-0.2.9.jar","E:\stoneblock4-zh_tw\resourcepacks\sb4-zh_tw\assets\refinedtypes\lang\zh_tw.json"
"repeatable_trial_vaults","0","1","1","0","C:\Users\sad79\AppData\Roaming\PrismLauncher\instances\FTB StoneBlock 4\minecraft\mods\repeatable_trial_vaults-neoforge-1.21-1.0.2.jar","E:\stoneblock4-zh_tw\resourcepacks\sb4-zh_tw\assets\repeatable_trial_vaults\lang\zh_tw.json"
"accelerateddecay","0","0","0","0","C:\Users\sad79\AppData\Roaming\PrismLauncher\instances\FTB StoneBlock 4\minecraft\mods\accelerated-decay-neoforge-21.0.0.jar","E:\stoneblock4-zh_tw\resourcepacks\sb4-zh_tw\assets\accelerateddecay\lang\zh_tw.json"
"advanced_ae","246","246","0","100","C:\Users\sad79\AppData\Roaming\PrismLauncher\instances\FTB StoneBlock 4\minecraft\mods\AdvancedAE-1.6.9-1.21.1.jar","E:\stoneblock4-zh_tw\resourcepacks\sb4-zh_tw\assets\advanced_ae\lang\zh_tw.json"
"advancedperipherals","89","89","0","100","C:\Users\sad79\AppData\Roaming\PrismLauncher\instances\FTB StoneBlock 4\minecraft\mods\AdvancedPeripherals-1.21.1-0.7.59b.jar","E:\stoneblock4-zh_tw\resourcepacks\sb4-zh_tw\assets\advancedperipherals\lang\zh_tw.json"
"ae2ct","19","19","0","100","C:\Users\sad79\AppData\Roaming\PrismLauncher\instances\FTB StoneBlock 4\minecraft\mods\ae2ct-1.21.1-1.1.1.jar","E:\stoneblock4-zh_tw\resourcepacks\sb4-zh_tw\assets\ae2ct\lang\zh_tw.json"
"almostunified","6","6","0","100","C:\Users\sad79\AppData\Roaming\PrismLauncher\instances\FTB StoneBlock 4\minecraft\mods\almostunified-neoforge-1.21.1-1.3.0.jar","E:\stoneblock4-zh_tw\resourcepacks\sb4-zh_tw\assets\almostunified\lang\zh_tw.json"
"amendments","93","93","0","100","C:\Users\sad79\AppData\Roaming\PrismLauncher\instances\FTB StoneBlock 4\minecraft\mods\amendments-1.21-2.0.13-neoforge.jar","E:\stoneblock4-zh_tw\resourcepacks\sb4-zh_tw\assets\amendments\lang\zh_tw.json"
"apothic_attributes","159","159","0","100","C:\Users\sad79\AppData\Roaming\PrismLauncher\instances\FTB StoneBlock 4\minecraft\mods\ApothicAttributes-1.21.1-2.9.0.jar","E:\stoneblock4-zh_tw\resourcepacks\sb4-zh_tw\assets\apothic_attributes\lang\zh_tw.json"
"apothic_spawners","89","89","0","100","C:\Users\sad79\AppData\Roaming\PrismLauncher\instances\FTB StoneBlock 4\minecraft\mods\ApothicSpawners-1.21.1-1.3.2.jar","E:\stoneblock4-zh_tw\resourcepacks\sb4-zh_tw\assets\apothic_spawners\lang\zh_tw.json"
"appflux","57","57","0","100","C:\Users\sad79\AppData\Roaming\PrismLauncher\instances\FTB StoneBlock 4\minecraft\mods\AppliedFlux-1.21-2.1.3-neoforge.jar","E:\stoneblock4-zh_tw\resourcepacks\sb4-zh_tw\assets\appflux\lang\zh_tw.json"
"appleskin","22","22","0","100","C:\Users\sad79\AppData\Roaming\PrismLauncher\instances\FTB StoneBlock 4\minecraft\mods\appleskin-neoforge-mc1.21-3.0.7.jar","E:\stoneblock4-zh_tw\resourcepacks\sb4-zh_tw\assets\appleskin\lang\zh_tw.json"
"appmek","15","15","0","100","C:\Users\sad79\AppData\Roaming\PrismLauncher\instances\FTB StoneBlock 4\minecraft\mods\Applied-Mekanistics-1.6.3.jar","E:\stoneblock4-zh_tw\resourcepacks\sb4-zh_tw\assets\appmek\lang\zh_tw.json"
"arseng","17","17","0","100","C:\Users\sad79\AppData\Roaming\PrismLauncher\instances\FTB StoneBlock 4\minecraft\mods\arseng-2.1.1-beta.jar","E:\stoneblock4-zh_tw\resourcepacks\sb4-zh_tw\assets\arseng\lang\zh_tw.json"
"bcc","2","2","0","100","C:\Users\sad79\AppData\Roaming\PrismLauncher\instances\FTB StoneBlock 4\minecraft\mods\better-compatability-checker-neoforge-21.1.8.jar","E:\stoneblock4-zh_tw\resourcepacks\sb4-zh_tw\assets\bcc\lang\zh_tw.json"
"betterblockz","1381","1381","0","100","C:\Users\sad79\AppData\Roaming\PrismLauncher\instances\FTB StoneBlock 4\minecraft\mods\betterblockz-0.2.5-1.21.1-neoforge.jar","E:\stoneblock4-zh_tw\resourcepacks\sb4-zh_tw\assets\betterblockz\lang\zh_tw.json"
"buildinggadgets2","112","112","0","100","C:\Users\sad79\AppData\Roaming\PrismLauncher\instances\FTB StoneBlock 4\minecraft\mods\buildinggadgets2-1.3.9.jar","E:\stoneblock4-zh_tw\resourcepacks\sb4-zh_tw\assets\buildinggadgets2\lang\zh_tw.json"
"cabletiers","190","190","0","100","C:\Users\sad79\AppData\Roaming\PrismLauncher\instances\FTB StoneBlock 4\minecraft\mods\cabletiers-neoforge-1.21.1-0.6.9.jar","E:\stoneblock4-zh_tw\resourcepacks\sb4-zh_tw\assets\cabletiers\lang\zh_tw.json"
"chipped","7265","7265","0","100","C:\Users\sad79\AppData\Roaming\PrismLauncher\instances\FTB StoneBlock 4\minecraft\mods\chipped-neoforge-1.21.1-4.0.2.jar","E:\stoneblock4-zh_tw\resourcepacks\sb4-zh_tw\assets\chipped\lang\zh_tw.json"
"chisel","2554","2554","0","100","C:\Users\sad79\AppData\Roaming\PrismLauncher\instances\FTB StoneBlock 4\minecraft\mods\chisel-1.21.1-NeoForge-1.2.2.jar","E:\stoneblock4-zh_tw\resourcepacks\sb4-zh_tw\assets\chisel\lang\zh_tw.json"
"classicpipes","161","161","0","100","C:\Users\sad79\AppData\Roaming\PrismLauncher\instances\FTB StoneBlock 4\minecraft\mods\classicpipes-neoforge-1.21.1-1.0.10.jar","E:\stoneblock4-zh_tw\resourcepacks\sb4-zh_tw\assets\classicpipes\lang\zh_tw.json"
"cognition","192","192","0","100","C:\Users\sad79\AppData\Roaming\PrismLauncher\instances\FTB StoneBlock 4\minecraft\mods\Cognition-v2.4.10-1.21.1.jar","E:\stoneblock4-zh_tw\resourcepacks\sb4-zh_tw\assets\cognition\lang\zh_tw.json"
"computercraft","235","235","0","100","C:\Users\sad79\AppData\Roaming\PrismLauncher\instances\FTB StoneBlock 4\minecraft\mods\cc-tweaked-1.21.1-forge-1.117.0.jar","E:\stoneblock4-zh_tw\resourcepacks\sb4-zh_tw\assets\computercraft\lang\zh_tw.json"
"controlling","12","12","0","100","C:\Users\sad79\AppData\Roaming\PrismLauncher\instances\FTB StoneBlock 4\minecraft\mods\Controlling-neoforge-1.21.1-19.0.5.jar","E:\stoneblock4-zh_tw\resourcepacks\sb4-zh_tw\assets\controlling\lang\zh_tw.json"
"cosmeticarmorreworked","5","5","0","100","C:\Users\sad79\AppData\Roaming\PrismLauncher\instances\FTB StoneBlock 4\minecraft\mods\cosmeticarmorreworked-1.21.1-v1-neoforge.jar","E:\stoneblock4-zh_tw\resourcepacks\sb4-zh_tw\assets\cosmeticarmorreworked\lang\zh_tw.json"
"create_central_kitchen","37","37","0","100","C:\Users\sad79\AppData\Roaming\PrismLauncher\instances\FTB StoneBlock 4\minecraft\mods\create-central-kitchen-2.2.6.jar","E:\stoneblock4-zh_tw\resourcepacks\sb4-zh_tw\assets\create_central_kitchen\lang\zh_tw.json"
"create_connected","307","307","0","100","C:\Users\sad79\AppData\Roaming\PrismLauncher\instances\FTB StoneBlock 4\minecraft\mods\create_connected-1.1.10-mc1.21.1.jar","E:\stoneblock4-zh_tw\resourcepacks\sb4-zh_tw\assets\create_connected\lang\zh_tw.json"
"create_dragons_plus","133","133","0","100","C:\Users\sad79\AppData\Roaming\PrismLauncher\instances\FTB StoneBlock 4\minecraft\mods\create-dragons-plus-1.8.5.jar","E:\stoneblock4-zh_tw\resourcepacks\sb4-zh_tw\assets\create_dragons_plus\lang\zh_tw.json"
"create_enchantment_industry","242","242","0","100","C:\Users\sad79\AppData\Roaming\PrismLauncher\instances\FTB StoneBlock 4\minecraft\mods\create-enchantment-industry-2.2.5b.jar","E:\stoneblock4-zh_tw\resourcepacks\sb4-zh_tw\assets\create_enchantment_industry\lang\zh_tw.json"
"create_hypertube","30","30","0","100","C:\Users\sad79\AppData\Roaming\PrismLauncher\instances\FTB StoneBlock 4\minecraft\mods\create_hypertube-0.3.0-NEOFORGE.jar","E:\stoneblock4-zh_tw\resourcepacks\sb4-zh_tw\assets\create_hypertube\lang\zh_tw.json"
"draconicevolution","735","735","0","100","C:\Users\sad79\AppData\Roaming\PrismLauncher\instances\FTB StoneBlock 4\minecraft\mods\Draconic-Evolution-1.21.1-3.1.4.630.jar","E:\stoneblock4-zh_tw\resourcepacks\sb4-zh_tw\assets\draconicevolution\lang\zh_tw.json"
"drippyloadingscreen","45","45","0","100","C:\Users\sad79\AppData\Roaming\PrismLauncher\instances\FTB StoneBlock 4\minecraft\mods\drippyloadingscreen_neoforge_3.1.0_MC_1.21.1.jar","E:\stoneblock4-zh_tw\resourcepacks\sb4-zh_tw\assets\drippyloadingscreen\lang\zh_tw.json"
"dummmmmmy","7","7","0","100","C:\Users\sad79\AppData\Roaming\PrismLauncher\instances\FTB StoneBlock 4\minecraft\mods\dummmmmmy-1.21-2.0.11-neoforge.jar","E:\stoneblock4-zh_tw\resourcepacks\sb4-zh_tw\assets\dummmmmmy\lang\zh_tw.json"
"durabilitytooltip","12","12","0","100","C:\Users\sad79\AppData\Roaming\PrismLauncher\instances\FTB StoneBlock 4\minecraft\mods\durabilitytooltip-1.1.6-neoforge-mc1.21.jar","E:\stoneblock4-zh_tw\resourcepacks\sb4-zh_tw\assets\durabilitytooltip\lang\zh_tw.json"
"enderstorage","8","8","0","100","C:\Users\sad79\AppData\Roaming\PrismLauncher\instances\FTB StoneBlock 4\minecraft\mods\EnderStorage-1.21.1-2.13.0.191.jar","E:\stoneblock4-zh_tw\resourcepacks\sb4-zh_tw\assets\enderstorage\lang\zh_tw.json"
"entangled","24","24","0","100","C:\Users\sad79\AppData\Roaming\PrismLauncher\instances\FTB StoneBlock 4\minecraft\mods\entangled-1.3.20a-neoforge-mc1.21.jar","E:\stoneblock4-zh_tw\resourcepacks\sb4-zh_tw\assets\entangled\lang\zh_tw.json"
"explorerscompass","68","68","0","100","C:\Users\sad79\AppData\Roaming\PrismLauncher\instances\FTB StoneBlock 4\minecraft\mods\explorerscompass-edited-1.21.1-3.0.3-neoforge.jar","E:\stoneblock4-zh_tw\resourcepacks\sb4-zh_tw\assets\explorerscompass\lang\zh_tw.json"
"fluxnetworks","123","123","0","100","C:\Users\sad79\AppData\Roaming\PrismLauncher\instances\FTB StoneBlock 4\minecraft\mods\FluxNetworks-1.21.1-8.0.0.jar","E:\stoneblock4-zh_tw\resourcepacks\sb4-zh_tw\assets\fluxnetworks\lang\zh_tw.json"
"ftbauxilium","13","13","0","100","C:\Users\sad79\AppData\Roaming\PrismLauncher\instances\FTB StoneBlock 4\minecraft\mods\ftb-auxilium-neoforge-21.1.1.jar","E:\stoneblock4-zh_tw\resourcepacks\sb4-zh_tw\assets\ftbauxilium\lang\zh_tw.json"
"ftbchunks","334","334","0","100","C:\Users\sad79\AppData\Roaming\PrismLauncher\instances\FTB StoneBlock 4\minecraft\mods\ftb-chunks-neoforge-2101.1.13.jar","E:\stoneblock4-zh_tw\resourcepacks\sb4-zh_tw\assets\ftbchunks\lang\zh_tw.json"
"ftbessentials","94","94","0","100","C:\Users\sad79\AppData\Roaming\PrismLauncher\instances\FTB StoneBlock 4\minecraft\mods\ftb-essentials-neoforge-2101.1.8.jar","E:\stoneblock4-zh_tw\resourcepacks\sb4-zh_tw\assets\ftbessentials\lang\zh_tw.json"
"ftbmaterials","865","865","0","100","C:\Users\sad79\AppData\Roaming\PrismLauncher\instances\FTB StoneBlock 4\minecraft\mods\ftb-materials-neoforge-21.1.3.jar","E:\stoneblock4-zh_tw\resourcepacks\sb4-zh_tw\assets\ftbmaterials\lang\zh_tw.json"
"ftboceanmobs","59","59","0","100","C:\Users\sad79\AppData\Roaming\PrismLauncher\instances\FTB StoneBlock 4\minecraft\mods\ftboceanmobs-21.1.4.jar","E:\stoneblock4-zh_tw\resourcepacks\sb4-zh_tw\assets\ftboceanmobs\lang\zh_tw.json"
"ftbquests","646","646","0","100","C:\Users\sad79\AppData\Roaming\PrismLauncher\instances\FTB StoneBlock 4\minecraft\mods\ftb-quests-neoforge-2101.1.20.jar","E:\stoneblock4-zh_tw\resourcepacks\sb4-zh_tw\assets\ftbquests\lang\zh_tw.json"
"ftbstuff","183","183","0","100","C:\Users\sad79\AppData\Roaming\PrismLauncher\instances\FTB StoneBlock 4\minecraft\mods\ftb-stuff-things-21.1.16.jar","E:\stoneblock4-zh_tw\resourcepacks\sb4-zh_tw\assets\ftbstuff\lang\zh_tw.json"
"ftbteams","101","101","0","100","C:\Users\sad79\AppData\Roaming\PrismLauncher\instances\FTB StoneBlock 4\minecraft\mods\ftb-teams-neoforge-2101.1.9.jar","E:\stoneblock4-zh_tw\resourcepacks\sb4-zh_tw\assets\ftbteams\lang\zh_tw.json"
"ftbxmodcompat","0","0","0","0","C:\Users\sad79\AppData\Roaming\PrismLauncher\instances\FTB StoneBlock 4\minecraft\mods\ftb-xmod-compat-neoforge-21.1.6.jar","E:\stoneblock4-zh_tw\resourcepacks\sb4-zh_tw\assets\ftbxmodcompat\lang\zh_tw.json"
"functionalstorage","157","157","0","100","C:\Users\sad79\AppData\Roaming\PrismLauncher\instances\FTB StoneBlock 4\minecraft\mods\functionalstorage-1.21.1-1.5.5.jar","E:\stoneblock4-zh_tw\resourcepacks\sb4-zh_tw\assets\functionalstorage\lang\zh_tw.json"
"gaze","343","343","0","100","C:\Users\sad79\AppData\Roaming\PrismLauncher\instances\FTB StoneBlock 4\minecraft\mods\gaze-1.1.7.1.jar","E:\stoneblock4-zh_tw\resourcepacks\sb4-zh_tw\assets\gaze\lang\zh_tw.json"
"glassential","128","128","0","100","C:\Users\sad79\AppData\Roaming\PrismLauncher\instances\FTB StoneBlock 4\minecraft\mods\Glassential-renewed-1.21.1-3.3.2.jar","E:\stoneblock4-zh_tw\resourcepacks\sb4-zh_tw\assets\glassential\lang\zh_tw.json"
"ironfurnaces","143","143","0","100","C:\Users\sad79\AppData\Roaming\PrismLauncher\instances\FTB StoneBlock 4\minecraft\mods\ironfurnaces-neoforge-1.21.1-4.3.2.jar","E:\stoneblock4-zh_tw\resourcepacks\sb4-zh_tw\assets\ironfurnaces\lang\zh_tw.json"
"irregular_implements","618","618","0","100","C:\Users\sad79\AppData\Roaming\PrismLauncher\instances\FTB StoneBlock 4\minecraft\mods\irregular-implements-1.21.1-1.10.0-build.213.jar","E:\stoneblock4-zh_tw\resourcepacks\sb4-zh_tw\assets\irregular_implements\lang\zh_tw.json"
"itemcollectors","15","15","0","100","C:\Users\sad79\AppData\Roaming\PrismLauncher\instances\FTB StoneBlock 4\minecraft\mods\itemcollectors-1.1.10-neoforge-mc1.21.jar","E:\stoneblock4-zh_tw\resourcepacks\sb4-zh_tw\assets\itemcollectors\lang\zh_tw.json"
"justenoughbreeding","5","5","0","100","C:\Users\sad79\AppData\Roaming\PrismLauncher\instances\FTB StoneBlock 4\minecraft\mods\justenoughbreeding-neoforge-1.21-1.21.1-1.6.2.jar","E:\stoneblock4-zh_tw\resourcepacks\sb4-zh_tw\assets\justenoughbreeding\lang\zh_tw.json"
"justenoughprofessions","1","1","0","100","C:\Users\sad79\AppData\Roaming\PrismLauncher\instances\FTB StoneBlock 4\minecraft\mods\JustEnoughProfessions-neoforge-1.21.1-4.0.4.jar","E:\stoneblock4-zh_tw\resourcepacks\sb4-zh_tw\assets\justenoughprofessions\lang\zh_tw.json"
"justhammers","32","32","0","100","C:\Users\sad79\AppData\Roaming\PrismLauncher\instances\FTB StoneBlock 4\minecraft\mods\just-hammers-neoforge-21.1.3.jar","E:\stoneblock4-zh_tw\resourcepacks\sb4-zh_tw\assets\justhammers\lang\zh_tw.json"
"lodestone","31","31","0","100","C:\Users\sad79\AppData\Roaming\PrismLauncher\instances\FTB StoneBlock 4\minecraft\mods\lodestone-1.21.1-1.8.2.jar","E:\stoneblock4-zh_tw\resourcepacks\sb4-zh_tw\assets\lodestone\lang\zh_tw.json"
"lollipop","50","50","0","100","C:\Users\sad79\AppData\Roaming\PrismLauncher\instances\FTB StoneBlock 4\minecraft\mods\Powah-6.2.7.jar","E:\stoneblock4-zh_tw\resourcepacks\sb4-zh_tw\assets\lollipop\lang\zh_tw.json"
"me_beam_former","26","26","0","100","C:\Users\sad79\AppData\Roaming\PrismLauncher\instances\FTB StoneBlock 4\minecraft\mods\me_beam_former-1.21.1-1.2.2.jar","E:\stoneblock4-zh_tw\resourcepacks\sb4-zh_tw\assets\me_beam_former\lang\zh_tw.json"
"megacells","128","128","0","100","C:\Users\sad79\AppData\Roaming\PrismLauncher\instances\FTB StoneBlock 4\minecraft\mods\megacells-4.10.1.jar","E:\stoneblock4-zh_tw\resourcepacks\sb4-zh_tw\assets\megacells\lang\zh_tw.json"
"mekanism","3239","3239","0","100","C:\Users\sad79\AppData\Roaming\PrismLauncher\instances\FTB StoneBlock 4\minecraft\mods\Mekanism-1.21.1-10.7.17.83.jar","E:\stoneblock4-zh_tw\resourcepacks\sb4-zh_tw\assets\mekanism\lang\zh_tw.json"
"mekanismcurios","10","10","0","100","C:\Users\sad79\AppData\Roaming\PrismLauncher\instances\FTB StoneBlock 4\minecraft\mods\mekanismcurios-1.21.1-1.2.1.jar","E:\stoneblock4-zh_tw\resourcepacks\sb4-zh_tw\assets\mekanismcurios\lang\zh_tw.json"
"mekanismgenerators","364","364","0","100","C:\Users\sad79\AppData\Roaming\PrismLauncher\instances\FTB StoneBlock 4\minecraft\mods\MekanismGenerators-1.21.1-10.7.17.83.jar","E:\stoneblock4-zh_tw\resourcepacks\sb4-zh_tw\assets\mekanismgenerators\lang\zh_tw.json"
"mffs","181","181","0","100","C:\Users\sad79\AppData\Roaming\PrismLauncher\instances\FTB StoneBlock 4\minecraft\mods\mffs-5.4.27.jar","E:\stoneblock4-zh_tw\resourcepacks\sb4-zh_tw\assets\mffs\lang\zh_tw.json"
"occultengineering","196","196","0","100","C:\Users\sad79\AppData\Roaming\PrismLauncher\instances\FTB StoneBlock 4\minecraft\mods\occultengineering-1.21.1-0.11.1.jar","E:\stoneblock4-zh_tw\resourcepacks\sb4-zh_tw\assets\occultengineering\lang\zh_tw.json"
"occultism","3347","3347","0","100","C:\Users\sad79\AppData\Roaming\PrismLauncher\instances\FTB StoneBlock 4\minecraft\mods\occultism-1.21.1-neoforge-1.201.0.jar","E:\stoneblock4-zh_tw\resourcepacks\sb4-zh_tw\assets\occultism\lang\zh_tw.json"
"oritech","1300","1300","0","100","C:\Users\sad79\AppData\Roaming\PrismLauncher\instances\FTB StoneBlock 4\minecraft\mods\oritech-neoforge-1.21.1-0.19.7.jar","E:\stoneblock4-zh_tw\resourcepacks\sb4-zh_tw\assets\oritech\lang\zh_tw.json"
"oritechthings","129","129","0","100","C:\Users\sad79\AppData\Roaming\PrismLauncher\instances\FTB StoneBlock 4\minecraft\mods\oritechthings-0.0.37.jar","E:\stoneblock4-zh_tw\resourcepacks\sb4-zh_tw\assets\oritechthings\lang\zh_tw.json"
"particular","42","42","0","100","C:\Users\sad79\AppData\Roaming\PrismLauncher\instances\FTB StoneBlock 4\minecraft\mods\particular-1.21.1-NeoForge-1.1.7.jar","E:\stoneblock4-zh_tw\resourcepacks\sb4-zh_tw\assets\particular\lang\zh_tw.json"
"pipegoggles","50","50","0","100","C:\Users\sad79\AppData\Roaming\PrismLauncher\instances\FTB StoneBlock 4\minecraft\mods\pipegoggles-2.0.4.jar","E:\stoneblock4-zh_tw\resourcepacks\sb4-zh_tw\assets\pipegoggles\lang\zh_tw.json"
"pipez","84","84","0","100","C:\Users\sad79\AppData\Roaming\PrismLauncher\instances\FTB StoneBlock 4\minecraft\mods\pipez-neoforge-1.21.1-1.2.19.jar","E:\stoneblock4-zh_tw\resourcepacks\sb4-zh_tw\assets\pipez\lang\zh_tw.json"
"placebo","6","6","0","100","C:\Users\sad79\AppData\Roaming\PrismLauncher\instances\FTB StoneBlock 4\minecraft\mods\Placebo-1.21.1-9.9.1.jar","E:\stoneblock4-zh_tw\resourcepacks\sb4-zh_tw\assets\placebo\lang\zh_tw.json"
"powah","190","190","0","100","C:\Users\sad79\AppData\Roaming\PrismLauncher\instances\FTB StoneBlock 4\minecraft\mods\Powah-6.2.7.jar","E:\stoneblock4-zh_tw\resourcepacks\sb4-zh_tw\assets\powah\lang\zh_tw.json"
"projecte","709","709","0","100","C:\Users\sad79\AppData\Roaming\PrismLauncher\instances\FTB StoneBlock 4\minecraft\mods\ProjectE-1.21.1-PE1.1.0.jar","E:\stoneblock4-zh_tw\resourcepacks\sb4-zh_tw\assets\projecte\lang\zh_tw.json"
"rechiseled","1222","1222","0","100","C:\Users\sad79\AppData\Roaming\PrismLauncher\instances\FTB StoneBlock 4\minecraft\mods\rechiseled-1.1.6a-neoforge-mc1.21.jar","E:\stoneblock4-zh_tw\resourcepacks\sb4-zh_tw\assets\rechiseled\lang\zh_tw.json"
"rechiseled_chipped","0","0","0","0","C:\Users\sad79\AppData\Roaming\PrismLauncher\instances\FTB StoneBlock 4\minecraft\mods\rechiseled_chipped-1.4.1-1.21.1.jar","E:\stoneblock4-zh_tw\resourcepacks\sb4-zh_tw\assets\rechiseled_chipped\lang\zh_tw.json"
"refinedstorage","768","768","0","100","C:\Users\sad79\AppData\Roaming\PrismLauncher\instances\FTB StoneBlock 4\minecraft\mods\refinedstorage-neoforge-2.0.0.jar","E:\stoneblock4-zh_tw\resourcepacks\sb4-zh_tw\assets\refinedstorage\lang\zh_tw.json"
"refinedstorage_jei_integration","10","10","0","100","C:\Users\sad79\AppData\Roaming\PrismLauncher\instances\FTB StoneBlock 4\minecraft\mods\refinedstorage-jei-integration-neoforge-1.0.0.jar","E:\stoneblock4-zh_tw\resourcepacks\sb4-zh_tw\assets\refinedstorage_jei_integration\lang\zh_tw.json"
"refinedstorage_mekanism_integration","37","37","0","100","C:\Users\sad79\AppData\Roaming\PrismLauncher\instances\FTB StoneBlock 4\minecraft\mods\refinedstorage-mekanism-integration-1.1.1.jar","E:\stoneblock4-zh_tw\resourcepacks\sb4-zh_tw\assets\refinedstorage_mekanism_integration\lang\zh_tw.json"
"refinedstorage_quartz_arsenal","22","22","0","100","C:\Users\sad79\AppData\Roaming\PrismLauncher\instances\FTB StoneBlock 4\minecraft\mods\refinedstorage-quartz-arsenal-neoforge-1.0.6.jar","E:\stoneblock4-zh_tw\resourcepacks\sb4-zh_tw\assets\refinedstorage_quartz_arsenal\lang\zh_tw.json"
"rftoolsutility","242","242","0","100","C:\Users\sad79\AppData\Roaming\PrismLauncher\instances\FTB StoneBlock 4\minecraft\mods\rftoolsutility-1.21-7.0.10.jar","E:\stoneblock4-zh_tw\resourcepacks\sb4-zh_tw\assets\rftoolsutility\lang\zh_tw.json"
"rsinfinitybooster","5","5","0","100","C:\Users\sad79\AppData\Roaming\PrismLauncher\instances\FTB StoneBlock 4\minecraft\mods\rsinfinitybooster-neoforge-1.21.1-1.0.0.48.jar","E:\stoneblock4-zh_tw\resourcepacks\sb4-zh_tw\assets\rsinfinitybooster\lang\zh_tw.json"
"searchables","1","1","0","100","C:\Users\sad79\AppData\Roaming\PrismLauncher\instances\FTB StoneBlock 4\minecraft\mods\Searchables-neoforge-1.21.1-1.0.2.jar","E:\stoneblock4-zh_tw\resourcepacks\sb4-zh_tw\assets\searchables\lang\zh_tw.json"
"simplemagnets","38","38","0","100","C:\Users\sad79\AppData\Roaming\PrismLauncher\instances\FTB StoneBlock 4\minecraft\mods\simplemagnets-1.1.12c-neoforge-mc1.21.jar","E:\stoneblock4-zh_tw\resourcepacks\sb4-zh_tw\assets\simplemagnets\lang\zh_tw.json"
"solcarrot","60","60","0","100","C:\Users\sad79\AppData\Roaming\PrismLauncher\instances\FTB StoneBlock 4\minecraft\mods\solcarrot-1.21.1-1.16.6.jar","E:\stoneblock4-zh_tw\resourcepacks\sb4-zh_tw\assets\solcarrot\lang\zh_tw.json"
"sophisticatedbackpacks","257","257","0","100","C:\Users\sad79\AppData\Roaming\PrismLauncher\instances\FTB StoneBlock 4\minecraft\mods\sophisticatedbackpacks-1.21.1-3.25.22.1487.jar","E:\stoneblock4-zh_tw\resourcepacks\sb4-zh_tw\assets\sophisticatedbackpacks\lang\zh_tw.json"
"sophisticatedcore","301","301","0","100","C:\Users\sad79\AppData\Roaming\PrismLauncher\instances\FTB StoneBlock 4\minecraft\mods\sophisticatedcore-1.21.1-1.3.100.1348.jar","E:\stoneblock4-zh_tw\resourcepacks\sb4-zh_tw\assets\sophisticatedcore\lang\zh_tw.json"
"sophisticatedstorage","292","292","0","100","C:\Users\sad79\AppData\Roaming\PrismLauncher\instances\FTB StoneBlock 4\minecraft\mods\sophisticatedstorage-1.21.1-1.5.19.1415.jar","E:\stoneblock4-zh_tw\resourcepacks\sb4-zh_tw\assets\sophisticatedstorage\lang\zh_tw.json"
"supplementaries","677","677","0","100","C:\Users\sad79\AppData\Roaming\PrismLauncher\instances\FTB StoneBlock 4\minecraft\mods\supplementaries-1.21-3.5.16-neoforge.jar","E:\stoneblock4-zh_tw\resourcepacks\sb4-zh_tw\assets\supplementaries\lang\zh_tw.json"
"tempad","164","164","0","100","C:\Users\sad79\AppData\Roaming\PrismLauncher\instances\FTB StoneBlock 4\minecraft\mods\tempad-1.21.1-3.0.4-all.jar","E:\stoneblock4-zh_tw\resourcepacks\sb4-zh_tw\assets\tempad\lang\zh_tw.json"
"tempad_static","84","84","0","100","C:\Users\sad79\AppData\Roaming\PrismLauncher\instances\FTB StoneBlock 4\minecraft\mods\tempad-1.21.1-3.0.4-all.jar","E:\stoneblock4-zh_tw\resourcepacks\sb4-zh_tw\assets\tempad_static\lang\zh_tw.json"
"tesseract","50","50","0","100","C:\Users\sad79\AppData\Roaming\PrismLauncher\instances\FTB StoneBlock 4\minecraft\mods\tesseract-1.0.38-neoforge-mc1.21.jar","E:\stoneblock4-zh_tw\resourcepacks\sb4-zh_tw\assets\tesseract\lang\zh_tw.json"
"toolbelt","13","13","0","100","C:\Users\sad79\AppData\Roaming\PrismLauncher\instances\FTB StoneBlock 4\minecraft\mods\ToolBelt-1.21.1-2.2.7.jar","E:\stoneblock4-zh_tw\resourcepacks\sb4-zh_tw\assets\toolbelt\lang\zh_tw.json"
"toolkit","270","270","0","100","C:\Users\sad79\AppData\Roaming\PrismLauncher\instances\FTB StoneBlock 4\minecraft\mods\ToolKit-neoforge-87.0.1.jar","E:\stoneblock4-zh_tw\resourcepacks\sb4-zh_tw\assets\toolkit\lang\zh_tw.json"
"trade_cycling","2","2","0","100","C:\Users\sad79\AppData\Roaming\PrismLauncher\instances\FTB StoneBlock 4\minecraft\mods\trade-cycling-neoforge-1.21.1-1.0.18.jar","E:\stoneblock4-zh_tw\resourcepacks\sb4-zh_tw\assets\trade_cycling\lang\zh_tw.json"
"transfer_labels","21","21","0","100","C:\Users\sad79\AppData\Roaming\PrismLauncher\instances\FTB StoneBlock 4\minecraft\mods\transfer_labels-0.1.7.jar","E:\stoneblock4-zh_tw\resourcepacks\sb4-zh_tw\assets\transfer_labels\lang\zh_tw.json"
"trashcans","32","32","0","100","C:\Users\sad79\AppData\Roaming\PrismLauncher\instances\FTB StoneBlock 4\minecraft\mods\trashcans-1.0.18c-neoforge-mc1.21.jar","E:\stoneblock4-zh_tw\resourcepacks\sb4-zh_tw\assets\trashcans\lang\zh_tw.json"
"universalgrid","16","16","0","100","C:\Users\sad79\AppData\Roaming\PrismLauncher\instances\FTB StoneBlock 4\minecraft\mods\universalgrid-neoforge-1.21.1-0.2.4.jar","E:\stoneblock4-zh_tw\resourcepacks\sb4-zh_tw\assets\universalgrid\lang\zh_tw.json"
"xnet","186","186","0","100","C:\Users\sad79\AppData\Roaming\PrismLauncher\instances\FTB StoneBlock 4\minecraft\mods\xnet-1.21-7.0.6.jar","E:\stoneblock4-zh_tw\resourcepacks\sb4-zh_tw\assets\xnet\lang\zh_tw.json"
"yet_another_config_lib_v3","26","26","0","100","C:\Users\sad79\AppData\Roaming\PrismLauncher\instances\FTB StoneBlock 4\minecraft\mods\yet_another_config_lib_v3-3.8.1+1.21.1-neoforge.jar","E:\stoneblock4-zh_tw\resourcepacks\sb4-zh_tw\assets\yet_another_config_lib_v3\lang\zh_tw.json"
